*.uuid,*.event,*.properties.$app_build,*.properties.$app_name,*.properties.$app_namespace,*.properties.$app_version,*.properties.$device_manufacturer,*.properties.$device_name,*.properties.$device_type,*.properties.$geoip_disable,*.properties.$is_emulator,*.properties.$is_identified,*.properties.$lib,*.properties.$lib_version,*.properties.$locale,*.properties.$os_name,*.properties.$os_version,*.properties.$process_person_profile,*.properties.$screen_height,*.properties.$screen_width,*.properties.$sent_at,*.properties.$session_id,*.properties.$timezone,*.properties.conflicts,*.properties.duration_ms,*.properties.outcome,*.properties.pulled,*.properties.pushed,*.properties.reason,*.properties.$os,*.properties.$has_recording,*.timestamp,*.team_id,*.distinct_id,*.elements_chain,*.created_at,*.person_mode,event,person_display_name -- Person.display_name,person_display_name -- Person.id,person_display_name -- Person.distinct_id,"coalesce(properties.$current_url, properties.$screen_name) -- Url / Screen",properties.$lib,timestamp
01a066d9-0434-7128-9223-1e7c91aefaf6,sync_completed,1,Hourwell,com.hourwell.app,0.1.0,Google,Pixel 7a,Mobile,True,False,False,posthog-react-native,4.63.9,en-US-u-mu-celsius,Android,17,False,914.2857142857144,411.42857142857144,2026-09-04T05:33:18.84Z,01a066c0-63b4-7b93-82b8-d7dbd1757d26,Europe/Kiev,0,1593,synced,0,0,foreground,Android,False,2026-09-03 10:38:12.429000+00:00,256687,01a05e0c-9989-7658-8fe7-6bfa12a95f48,,2026-09-04 05:33:18.560000+00:00,propertyless,sync_completed,01a05e0c-9989-7658-8fe7-6bfa12a95f48,4c95ad21-dead-5b16-8980-961468cbcd87,01a05e0c-9989-7658-8fe7-6bfa12a95f48,,posthog-react-native,2026-09-03 10:38:12.429000+00:00
01a066d6-5faf-7f55-8107-7486bd0f1526,sync_completed,1,Hourwell,com.hourwell.app,0.1.0,Google,Pixel 7a,Mobile,True,False,False,posthog-react-native,4.63.9,en-US-u-mu-celsius,Android,17,False,914.2857142857144,411.42857142857144,2026-09-03T10:35:30.381Z,01a066c0-63b4-7b93-82b8-d7dbd1757d26,Europe/Kiev,0,875,synced,0,0,poll,Android,False,2026-09-03 10:35:20.015000+00:00,256687,01a05e0c-9989-7658-8fe7-6bfa12a95f48,,2026-09-03 10:35:30.224000+00:00,propertyless,sync_completed,01a05e0c-9989-7658-8fe7-6bfa12a95f48,4c95ad21-dead-5b16-8980-961468cbcd87,01a05e0c-9989-7658-8fe7-6bfa12a95f48,,posthog-react-native,2026-09-03 10:35:20.015000+00:00
01a066d5-77a9-7ac9-bc1b-af80bdd57113,sync_completed,1,Hourwell,com.hourwell.app,0.1.0,Google,Pixel 7a,Mobile,True,False,False,posthog-react-native,4.63.9,en-US-u-mu-celsius,Android,17,False,914.2857142857144,411.42857142857144,2026-09-03T10:34:30.981Z,01a066c0-63b4-7b93-82b8-d7dbd1757d26,Europe/Kiev,0,1494,synced,0,0,poll,Android,False,2026-09-03 10:34:20.594000+00:00,256687,01a05e0c-9989-7658-8fe7-6bfa12a95f48,,2026-09-03 10:34:30.967000+00:00,propertyless,sync_completed,01a05e0c-9989-7658-8fe7-6bfa12a95f48,4c95ad21-dead-5b16-8980-961468cbcd87,01a05e0c-9989-7658-8fe7-6bfa12a95f48,,posthog-react-native,2026-09-03 10:34:20.594000+00:00
01a066d4-8bb1-753d-a975-0a412de4fb62,sync_completed,1,Hourwell,com.hourwell.app,0.1.0,Google,Pixel 7a,Mobile,True,False,False,posthog-react-native,4.63.9,en-US-u-mu-celsius,Android,17,False,914.2857142857144,411.42857142857144,2026-09-03T10:33:30.575Z,01a066c0-63b4-7b93-82b8-d7dbd1757d26,Europe/Kiev,0,1082,synced,0,0,poll,Android,False,2026-09-03 10:33:20.203000+00:00,256687,01a05e0c-9989-7658-8fe7-6bfa12a95f48,,2026-09-03 10:33:30.791000+00:00,propertyless,sync_completed,01a05e0c-9989-7658-8fe7-6bfa12a95f48,4c95ad21-dead-5b16-8980-961468cbcd87,01a05e0c-9989-7658-8fe7-6bfa12a95f48,,posthog-react-native,2026-09-03 10:33:20.203000+00:00
01a066d3-9f59-7cf2-bfb3-f026d9a1970d,sync_completed,1,Hourwell,com.hourwell.app,0.1.0,Google,Pixel 7a,Mobile,True,False,False,posthog-react-native,4.63.9,en-US-u-mu-celsius,Android,17,False,914.2857142857144,411.42857142857144,2026-09-03T10:32:30.073Z,01a066c0-63b4-7b93-82b8-d7dbd1757d26,Europe/Kiev,0,567,synced,0,0,poll,Android,False,2026-09-03 10:32:19.724000+00:00,256687,01a05e0c-9989-7658-8fe7-6bfa12a95f48,,2026-09-03 10:32:30.014000+00:00,propertyless,sync_completed,01a05e0c-9989-7658-8fe7-6bfa12a95f48,4c95ad21-dead-5b16-8980-961468cbcd87,01a05e0c-9989-7658-8fe7-6bfa12a95f48,,posthog-react-native,2026-09-03 10:32:19.724000+00:00
01a066d2-b6cc-781e-a910-bf2538c265ba,sync_completed,1,Hourwell,com.hourwell.app,0.1.0,Google,Pixel 7a,Mobile,True,False,False,posthog-react-native,4.63.9,en-US-u-mu-celsius,Android,17,False,914.2857142857144,411.42857142857144,2026-09-03T10:31:30.539Z,01a066c0-63b4-7b93-82b8-d7dbd1757d26,Europe/Kiev,0,1038,synced,0,0,poll,Android,False,2026-09-03 10:31:20.170000+00:00,256687,01a05e0c-9989-7658-8fe7-6bfa12a95f48,,2026-09-03 10:31:30.416000+00:00,propertyless,sync_completed,01a05e0c-9989-7658-8fe7-6bfa12a95f48,4c95ad21-dead-5b16-8980-961468cbcd87,01a05e0c-9989-7658-8fe7-6bfa12a95f48,,posthog-react-native,2026-09-03 10:31:20.170000+00:00
01a066d1-cb03-7800-8f5f-f239f934871f,sync_completed,1,Hourwell,com.hourwell.app,0.1.0,Google,Pixel 7a,Mobile,True,False,False,posthog-react-native,4.63.9,en-US-u-mu-celsius,Android,17,False,914.2857142857144,411.42857142857144,2026-09-03T10:30:30.175Z,01a066c0-63b4-7b93-82b8-d7dbd1757d26,Europe/Kiev,0,698,synced,0,0,poll,Android,False,2026-09-03 10:30:19.810000+00:00,256687,01a05e0c-9989-7658-8fe7-6bfa12a95f48,,2026-09-03 10:30:30.660000+00:00,propertyless,sync_completed,01a05e0c-9989-7658-8fe7-6bfa12a95f48,4c95ad21-dead-5b16-8980-961468cbcd87,01a05e0c-9989-7658-8fe7-6bfa12a95f48,,posthog-react-native,2026-09-03 10:30:19.810000+00:00
01a066d0-e1a9-710b-99cd-9268ffc4fa12,sync_completed,1,Hourwell,com.hourwell.app,0.1.0,Google,Pixel 7a,Mobile,True,False,False,posthog-react-native,4.63.9,en-US-u-mu-celsius,Android,17,False,914.2857142857144,411.42857142857144,2026-09-03T10:29:30.432Z,01a066c0-63b4-7b93-82b8-d7dbd1757d26,Europe/Kiev,0,961,synced,0,0,poll,Android,False,2026-09-03 10:29:20.089000+00:00,256687,01a05e0c-9989-7658-8fe7-6bfa12a95f48,,2026-09-03 10:29:30.941000+00:00,propertyless,sync_completed,01a05e0c-9989-7658-8fe7-6bfa12a95f48,4c95ad21-dead-5b16-8980-961468cbcd87,01a05e0c-9989-7658-8fe7-6bfa12a95f48,,posthog-react-native,2026-09-03 10:29:20.089000+00:00
01a066cf-f69c-7404-abaf-646bb87acf79,sync_completed,1,Hourwell,com.hourwell.app,0.1.0,Google,Pixel 7a,Mobile,True,False,False,posthog-react-native,4.63.9,en-US-u-mu-celsius,Android,17,False,914.2857142857144,411.42857142857144,2026-09-03T10:28:30.263Z,01a066c0-63b4-7b93-82b8-d7dbd1757d26,Europe/Kiev,0,792,synced,0,0,poll,Android,False,2026-09-03 10:28:19.915000+00:00,256687,01a05e0c-9989-7658-8fe7-6bfa12a95f48,,2026-09-03 10:28:30.239000+00:00,propertyless,sync_completed,01a05e0c-9989-7658-8fe7-6bfa12a95f48,4c95ad21-dead-5b16-8980-961468cbcd87,01a05e0c-9989-7658-8fe7-6bfa12a95f48,,posthog-react-native,2026-09-03 10:28:19.915000+00:00
01a066cf-0c72-771f-b4e1-5ff2b6009d97,sync_completed,1,Hourwell,com.hourwell.app,0.1.0,Google,Pixel 7a,Mobile,True,False,False,posthog-react-native,4.63.9,en-US-u-mu-celsius,Android,17,False,914.2857142857144,411.42857142857144,2026-09-03T10:27:30.323Z,01a066c0-63b4-7b93-82b8-d7dbd1757d26,Europe/Kiev,0,868,synced,0,0,poll,Android,False,2026-09-03 10:27:19.964000+00:00,256687,01a05e0c-9989-7658-8fe7-6bfa12a95f48,,2026-09-03 10:27:30.561000+00:00,propertyless,sync_completed,01a05e0c-9989-7658-8fe7-6bfa12a95f48,4c95ad21-dead-5b16-8980-961468cbcd87,01a05e0c-9989-7658-8fe7-6bfa12a95f48,,posthog-react-native,2026-09-03 10:27:19.964000+00:00
01a066ce-2274-7706-9150-a10100135fa7,sync_completed,1,Hourwell,com.hourwell.app,0.1.0,Google,Pixel 7a,Mobile,True,False,False,posthog-react-native,4.63.9,en-US-u-mu-celsius,Android,17,False,914.2857142857144,411.42857142857144,2026-09-03T10:26:30.419Z,01a066c0-63b4-7b93-82b8-d7dbd1757d26,Europe/Kiev,0,963,synced,0,0,poll,Android,False,2026-09-03 10:26:20.060000+00:00,256687,01a05e0c-9989-7658-8fe7-6bfa12a95f48,,2026-09-03 10:26:30.798000+00:00,propertyless,sync_completed,01a05e0c-9989-7658-8fe7-6bfa12a95f48,4c95ad21-dead-5b16-8980-961468cbcd87,01a05e0c-9989-7658-8fe7-6bfa12a95f48,,posthog-react-native,2026-09-03 10:26:20.060000+00:00
01a066cd-373b-7c6e-a4f5-53a02391ca48,sync_completed,1,Hourwell,com.hourwell.app,0.1.0,Google,Pixel 7a,Mobile,True,False,False,posthog-react-native,4.63.9,en-US-u-mu-celsius,Android,17,False,914.2857142857144,411.42857142857144,2026-09-03T10:25:30.203Z,01a066c0-63b4-7b93-82b8-d7dbd1757d26,Europe/Kiev,0,751,synced,0,0,poll,Android,False,2026-09-03 10:25:19.844000+00:00,256687,01a05e0c-9989-7658-8fe7-6bfa12a95f48,,2026-09-03 10:25:30.285000+00:00,propertyless,sync_completed,01a05e0c-9989-7658-8fe7-6bfa12a95f48,4c95ad21-dead-5b16-8980-961468cbcd87,01a05e0c-9989-7658-8fe7-6bfa12a95f48,,posthog-react-native,2026-09-03 10:25:19.844000+00:00
01a066cc-4d03-75ff-94f8-b7c72e8dcd86,sync_completed,1,Hourwell,com.hourwell.app,0.1.0,Google,Pixel 7a,Mobile,True,False,False,posthog-react-native,4.63.9,en-US-u-mu-celsius,Android,17,False,914.2857142857144,411.42857142857144,2026-09-03T10:24:30.24Z,01a066c0-63b4-7b93-82b8-d7dbd1757d26,Europe/Kiev,0,775,synced,0,0,poll,Android,False,2026-09-03 10:24:19.887000+00:00,256687,01a05e0c-9989-7658-8fe7-6bfa12a95f48,,2026-09-03 10:24:30.250000+00:00,propertyless,sync_completed,01a05e0c-9989-7658-8fe7-6bfa12a95f48,4c95ad21-dead-5b16-8980-961468cbcd87,01a05e0c-9989-7658-8fe7-6bfa12a95f48,,posthog-react-native,2026-09-03 10:24:19.887000+00:00
01a066cb-6404-71d2-9c9f-e61b3ac8d634,sync_completed,1,Hourwell,com.hourwell.app,0.1.0,Google,Pixel 7a,Mobile,True,False,False,posthog-react-native,4.63.9,en-US-u-mu-celsius,Android,17,False,914.2857142857144,411.42857142857144,2026-09-03T10:23:30.594Z,01a066c0-63b4-7b93-82b8-d7dbd1757d26,Europe/Kiev,0,1118,synced,0,0,poll,Android,False,2026-09-03 10:23:20.237000+00:00,256687,01a05e0c-9989-7658-8fe7-6bfa12a95f48,,2026-09-03 10:23:30.987000+00:00,propertyless,sync_completed,01a05e0c-9989-7658-8fe7-6bfa12a95f48,4c95ad21-dead-5b16-8980-961468cbcd87,01a05e0c-9989-7658-8fe7-6bfa12a95f48,,posthog-react-native,2026-09-03 10:23:20.237000+00:00
01a066ca-7b92-70b1-b1b7-99a8b0ae7319,sync_completed,1,Hourwell,com.hourwell.app,0.1.0,Google,Pixel 7a,Mobile,True,False,False,posthog-react-native,4.63.9,en-US-u-mu-celsius,Android,17,False,914.2857142857144,411.42857142857144,2026-09-03T10:22:31.082Z,01a066c0-63b4-7b93-82b8-d7dbd1757d26,Europe/Kiev,0,1658,synced,0,0,poll,Android,False,2026-09-03 10:22:20.673000+00:00,256687,01a05e0c-9989-7658-8fe7-6bfa12a95f48,,2026-09-03 10:22:31.650000+00:00,propertyless,sync_completed,01a05e0c-9989-7658-8fe7-6bfa12a95f48,4c95ad21-dead-5b16-8980-961468cbcd87,01a05e0c-9989-7658-8fe7-6bfa12a95f48,,posthog-react-native,2026-09-03 10:22:20.673000+00:00
01a066c9-9122-7d64-8e8e-823cdae4b8f4,sync_completed,1,Hourwell,com.hourwell.app,0.1.0,Google,Pixel 7a,Mobile,True,False,False,posthog-react-native,4.63.9,en-US-u-mu-celsius,Android,17,False,914.2857142857144,411.42857142857144,2026-09-03T10:21:31.069Z,01a066c0-63b4-7b93-82b8-d7dbd1757d26,Europe/Kiev,0,1641,synced,0,0,poll,Android,False,2026-09-03 10:21:20.662000+00:00,256687,01a05e0c-9989-7658-8fe7-6bfa12a95f48,,2026-09-03 10:21:30.783000+00:00,propertyless,sync_completed,01a05e0c-9989-7658-8fe7-6bfa12a95f48,4c95ad21-dead-5b16-8980-961468cbcd87,01a05e0c-9989-7658-8fe7-6bfa12a95f48,,posthog-react-native,2026-09-03 10:21:20.662000+00:00
01a066c8-a35b-70d4-87f3-2a14b0cd293e,sync_completed,1,Hourwell,com.hourwell.app,0.1.0,Google,Pixel 7a,Mobile,True,False,False,posthog-react-native,4.63.9,en-US-u-mu-celsius,Android,17,False,914.2857142857144,411.42857142857144,2026-09-03T10:20:30.196Z,01a066c0-63b4-7b93-82b8-d7dbd1757d26,Europe/Kiev,0,784,synced,0,0,poll,Android,False,2026-09-03 10:20:19.847000+00:00,256687,01a05e0c-9989-7658-8fe7-6bfa12a95f48,,2026-09-03 10:20:30.774000+00:00,propertyless,sync_completed,01a05e0c-9989-7658-8fe7-6bfa12a95f48,4c95ad21-dead-5b16-8980-961468cbcd87,01a05e0c-9989-7658-8fe7-6bfa12a95f48,,posthog-react-native,2026-09-03 10:20:19.847000+00:00
01a066c7-ba28-70e6-b6a7-cd0d7ffc1f93,sync_completed,1,Hourwell,com.hourwell.app,0.1.0,Google,Pixel 7a,Mobile,True,False,False,posthog-react-native,4.63.9,en-US-u-mu-celsius,Android,17,False,914.2857142857144,411.42857142857144,2026-09-03T10:19:30.495Z,01a066c0-63b4-7b93-82b8-d7dbd1757d26,Europe/Kiev,0,1075,synced,0,0,poll,Android,False,2026-09-03 10:19:20.213000+00:00,256687,01a05e0c-9989-7658-8fe7-6bfa12a95f48,,2026-09-03 10:19:30.288000+00:00,propertyless,sync_completed,01a05e0c-9989-7658-8fe7-6bfa12a95f48,4c95ad21-dead-5b16-8980-961468cbcd87,01a05e0c-9989-7658-8fe7-6bfa12a95f48,,posthog-react-native,2026-09-03 10:19:20.213000+00:00
01a066c6-ced4-7375-a375-ab1ba2784feb,sync_completed,1,Hourwell,com.hourwell.app,0.1.0,Google,Pixel 7a,Mobile,True,False,False,posthog-react-native,4.63.9,en-US-u-mu-celsius,Android,17,False,914.2857142857144,411.42857142857144,2026-09-03T10:18:30.256Z,01a066c0-63b4-7b93-82b8-d7dbd1757d26,Europe/Kiev,0,835,synced,0,0,poll,Android,False,2026-09-03 10:18:19.909000+00:00,256687,01a05e0c-9989-7658-8fe7-6bfa12a95f48,,2026-09-03 10:18:30.937000+00:00,propertyless,sync_completed,01a05e0c-9989-7658-8fe7-6bfa12a95f48,4c95ad21-dead-5b16-8980-961468cbcd87,01a05e0c-9989-7658-8fe7-6bfa12a95f48,,posthog-react-native,2026-09-03 10:18:19.909000+00:00
01a066c5-e862-7166-927b-b2846f48d366,sync_completed,1,Hourwell,com.hourwell.app,0.1.0,Google,Pixel 7a,Mobile,True,False,False,posthog-react-native,4.63.9,en-US-u-mu-celsius,Android,17,False,914.2857142857144,411.42857142857144,2026-09-03T10:17:31.263Z,01a066c0-63b4-7b93-82b8-d7dbd1757d26,Europe/Kiev,0,1807,synced,0,0,poll,Android,False,2026-09-03 10:17:20.965000+00:00,256687,01a05e0c-9989-7658-8fe7-6bfa12a95f48,,2026-09-03 10:17:31.238000+00:00,propertyless,sync_completed,01a05e0c-9989-7658-8fe7-6bfa12a95f48,4c95ad21-dead-5b16-8980-961468cbcd87,01a05e0c-9989-7658-8fe7-6bfa12a95f48,,posthog-react-native,2026-09-03 10:17:20.965000+00:00
01a066c4-fd17-74e6-8798-a70cea2907b7,sync_completed,1,Hourwell,com.hourwell.app,0.1.0,Google,Pixel 7a,Mobile,True,False,False,posthog-react-native,4.63.9,en-US-u-mu-celsius,Android,17,False,914.2857142857144,411.42857142857144,2026-09-03T10:16:31.023Z,01a066c0-63b4-7b93-82b8-d7dbd1757d26,Europe/Kiev,0,1638,synced,0,0,poll,Android,False,2026-09-03 10:16:20.617000+00:00,256687,01a05e0c-9989-7658-8fe7-6bfa12a95f48,,2026-09-03 10:16:31.494000+00:00,propertyless,sync_completed,01a05e0c-9989-7658-8fe7-6bfa12a95f48,4c95ad21-dead-5b16-8980-961468cbcd87,01a05e0c-9989-7658-8fe7-6bfa12a95f48,,posthog-react-native,2026-09-03 10:16:20.617000+00:00
01a066c4-0f4f-7233-be76-a71c10c19939,sync_completed,1,Hourwell,com.hourwell.app,0.1.0,Google,Pixel 7a,Mobile,True,False,False,posthog-react-native,4.63.9,en-US-u-mu-celsius,Android,17,False,914.2857142857144,411.42857142857144,2026-09-03T10:15:30.155Z,01a066c0-63b4-7b93-82b8-d7dbd1757d26,Europe/Kiev,0,718,synced,0,0,poll,Android,False,2026-09-03 10:15:19.806000+00:00,256687,01a05e0c-9989-7658-8fe7-6bfa12a95f48,,2026-09-03 10:15:30.788000+00:00,propertyless,sync_completed,01a05e0c-9989-7658-8fe7-6bfa12a95f48,4c95ad21-dead-5b16-8980-961468cbcd87,01a05e0c-9989-7658-8fe7-6bfa12a95f48,,posthog-react-native,2026-09-03 10:15:19.806000+00:00
01a066c3-25a1-7afb-bb52-d757a8240b70,sync_completed,1,Hourwell,com.hourwell.app,0.1.0,Google,Pixel 7a,Mobile,True,False,False,posthog-react-native,4.63.9,en-US-u-mu-celsius,Android,17,False,914.2857142857144,411.42857142857144,2026-09-03T10:14:30.33Z,01a066c0-63b4-7b93-82b8-d7dbd1757d26,Europe/Kiev,0,877,synced,0,0,poll,Android,False,2026-09-03 10:14:19.936000+00:00,256687,01a05e0c-9989-7658-8fe7-6bfa12a95f48,,2026-09-03 10:14:30.581000+00:00,propertyless,sync_completed,01a05e0c-9989-7658-8fe7-6bfa12a95f48,4c95ad21-dead-5b16-8980-961468cbcd87,01a05e0c-9989-7658-8fe7-6bfa12a95f48,,posthog-react-native,2026-09-03 10:14:19.936000+00:00
01a066c2-3d50-778d-b8cf-35f9e58b8e59,sync_completed,1,Hourwell,com.hourwell.app,0.1.0,Google,Pixel 7a,Mobile,True,False,False,posthog-react-native,4.63.9,en-US-u-mu-celsius,Android,17,False,914.2857142857144,411.42857142857144,2026-09-03T10:13:30.859Z,01a066c0-63b4-7b93-82b8-d7dbd1757d26,Europe/Kiev,0,1412,synced,0,0,poll,Android,False,2026-09-03 10:13:20.511000+00:00,256687,01a05e0c-9989-7658-8fe7-6bfa12a95f48,,2026-09-03 10:13:30.759000+00:00,propertyless,sync_completed,01a05e0c-9989-7658-8fe7-6bfa12a95f48,4c95ad21-dead-5b16-8980-961468cbcd87,01a05e0c-9989-7658-8fe7-6bfa12a95f48,,posthog-react-native,2026-09-03 10:13:20.511000+00:00
01a066c1-50e9-7dcf-a602-478ef50078d6,sync_completed,1,Hourwell,com.hourwell.app,0.1.0,Google,Pixel 7a,Mobile,True,False,False,posthog-react-native,4.63.9,en-US-u-mu-celsius,Android,17,False,914.2857142857144,411.42857142857144,2026-09-03T10:12:30.338Z,01a066c0-63b4-7b93-82b8-d7dbd1757d26,Europe/Kiev,0,781,synced,0,0,poll,Android,False,2026-09-03 10:12:19.943000+00:00,256687,01a05e0c-9989-7658-8fe7-6bfa12a95f48,,2026-09-03 10:12:30.376000+00:00,propertyless,sync_completed,01a05e0c-9989-7658-8fe7-6bfa12a95f48,4c95ad21-dead-5b16-8980-961468cbcd87,01a05e0c-9989-7658-8fe7-6bfa12a95f48,,posthog-react-native,2026-09-03 10:12:19.943000+00:00
01a066c0-6d3a-7ec7-9bf6-d37a2299ce8d,sync_completed,1,Hourwell,com.hourwell.app,0.1.0,Google,Pixel 7a,Mobile,True,False,False,posthog-react-native,4.63.9,en-US-u-mu-celsius,Android,17,False,914.2857142857144,411.42857142857144,2026-09-03T10:11:29.612Z,01a066c0-63b4-7b93-82b8-d7dbd1757d26,Europe/Kiev,0,774,synced,0,0,foreground,Android,False,2026-09-03 10:11:22.132000+00:00,256687,01a05e0c-9989-7658-8fe7-6bfa12a95f48,,2026-09-03 10:11:30.800000+00:00,propertyless,sync_completed,01a05e0c-9989-7658-8fe7-6bfa12a95f48,4c95ad21-dead-5b16-8980-961468cbcd87,01a05e0c-9989-7658-8fe7-6bfa12a95f48,,posthog-react-native,2026-09-03 10:11:22.132000+00:00
01a066c0-6a20-7e33-b68a-9bc7db0d3c94,sync_completed,1,Hourwell,com.hourwell.app,0.1.0,Google,Pixel 7a,Mobile,True,False,False,posthog-react-native,4.63.9,en-US-u-mu-celsius,Android,17,False,914.2857142857144,411.42857142857144,2026-09-03T10:11:29.612Z,01a066c0-63b4-7b93-82b8-d7dbd1757d26,Europe/Kiev,0,1904,synced,0,0,foreground,Android,False,2026-09-03 10:11:21.338000+00:00,256687,01a05e0c-9989-7658-8fe7-6bfa12a95f48,,2026-09-03 10:11:30.781000+00:00,propertyless,sync_completed,01a05e0c-9989-7658-8fe7-6bfa12a95f48,4c95ad21-dead-5b16-8980-961468cbcd87,01a05e0c-9989-7658-8fe7-6bfa12a95f48,,posthog-react-native,2026-09-03 10:11:21.338000+00:00
01a066a7-b82e-73f2-8fe5-ee0ed78579ab,sync_completed,1,Hourwell,com.hourwell.app,0.1.0,Google,Pixel 7a,Mobile,True,False,False,posthog-react-native,4.63.9,en-US-u-mu-celsius,Android,17,False,914.2857142857144,411.42857142857144,2026-09-03T09:44:30.019Z,01a066a7-ad2c-7118-b937-735db9789c17,Europe/Kiev,0,956,synced,0,0,foreground,Android,False,2026-09-03 09:44:22.616000+00:00,256687,01a05e0c-9989-7658-8fe7-6bfa12a95f48,,2026-09-03 09:44:29.941000+00:00,propertyless,sync_completed,01a05e0c-9989-7658-8fe7-6bfa12a95f48,4c95ad21-dead-5b16-8980-961468cbcd87,01a05e0c-9989-7658-8fe7-6bfa12a95f48,,posthog-react-native,2026-09-03 09:44:22.616000+00:00
01a066a7-b459-7bc1-ae00-354e3bcaf329,sync_completed,1,Hourwell,com.hourwell.app,0.1.0,Google,Pixel 7a,Mobile,True,False,False,posthog-react-native,4.63.9,en-US-u-mu-celsius,Android,17,False,914.2857142857144,411.42857142857144,2026-09-03T09:44:30.019Z,01a066a7-ad2c-7118-b937-735db9789c17,Europe/Kiev,0,2062,synced,0,0,foreground,Android,False,2026-09-03 09:44:21.635000+00:00,256687,01a05e0c-9989-7658-8fe7-6bfa12a95f48,,2026-09-03 09:44:29.937000+00:00,propertyless,sync_completed,01a05e0c-9989-7658-8fe7-6bfa12a95f48,4c95ad21-dead-5b16-8980-961468cbcd87,01a05e0c-9989-7658-8fe7-6bfa12a95f48,,posthog-react-native,2026-09-03 09:44:21.635000+00:00
01a066a6-400f-76b6-89ee-6f73c63df4ef,sync_completed,1,Hourwell,com.hourwell.app,0.1.0,Google,Pixel 7a,Mobile,True,False,False,posthog-react-native,4.63.9,en-US-u-mu-celsius,Android,17,False,914.2857142857144,411.42857142857144,2026-09-03T09:42:55.474Z,01a066a6-3bd8-74d1-92b2-a9d04e937ebd,Europe/Kiev,0,637,synced,0,0,foreground,Android,False,2026-09-03 09:42:46.187000+00:00,256687,01a05e0c-9989-7658-8fe7-6bfa12a95f48,,2026-09-03 09:42:55.602000+00:00,propertyless,sync_completed,01a05e0c-9989-7658-8fe7-6bfa12a95f48,4c95ad21-dead-5b16-8980-961468cbcd87,01a05e0c-9989-7658-8fe7-6bfa12a95f48,,posthog-react-native,2026-09-03 09:42:46.187000+00:00
01a066a6-3d7e-70c6-bdc8-99e319980b97,sync_completed,1,Hourwell,com.hourwell.app,0.1.0,Google,Pixel 7a,Mobile,True,False,False,posthog-react-native,4.63.9,en-US-u-mu-celsius,Android,17,False,914.2857142857144,411.42857142857144,2026-09-03T09:42:55.474Z,01a066a6-3bd8-74d1-92b2-a9d04e937ebd,Europe/Kiev,0,769,synced,0,0,foreground,Android,False,2026-09-03 09:42:45.530000+00:00,256687,01a05e0c-9989-7658-8fe7-6bfa12a95f48,,2026-09-03 09:42:55.585000+00:00,propertyless,sync_completed,01a05e0c-9989-7658-8fe7-6bfa12a95f48,4c95ad21-dead-5b16-8980-961468cbcd87,01a05e0c-9989-7658-8fe7-6bfa12a95f48,,posthog-react-native,2026-09-03 09:42:45.530000+00:00
01a066a6-2976-72f6-a31f-e8b09ce51cb6,sync_completed,1,Hourwell,com.hourwell.app,0.1.0,Google,Pixel 7a,Mobile,True,False,False,posthog-react-native,4.63.9,en-US-u-mu-celsius,Android,17,False,914.2857142857144,411.42857142857144,2026-09-03T09:42:45.056Z,01a066a6-2497-7c1a-8432-520f4bd62303,Europe/Kiev,0,611,synced,0,0,sign_in,Android,False,2026-09-03 09:42:40.551000+00:00,256687,01a05e0c-9989-7658-8fe7-6bfa12a95f48,,2026-09-03 09:42:45.729000+00:00,propertyless,sync_completed,01a05e0c-9989-7658-8fe7-6bfa12a95f48,4c95ad21-dead-5b16-8980-961468cbcd87,01a05e0c-9989-7658-8fe7-6bfa12a95f48,,posthog-react-native,2026-09-03 09:42:40.551000+00:00
01a066a6-26ff-7538-bca5-98b1da05019f,sync_completed,1,Hourwell,com.hourwell.app,0.1.0,Google,Pixel 7a,Mobile,True,False,False,posthog-react-native,4.63.9,en-US-u-mu-celsius,Android,17,False,914.2857142857144,411.42857142857144,2026-09-03T09:42:45.056Z,01a066a6-2497-7c1a-8432-520f4bd62303,Europe/Kiev,0,852,synced,0,0,foreground,Android,False,2026-09-03 09:42:39.920000+00:00,256687,01a05e0c-9989-7658-8fe7-6bfa12a95f48,,2026-09-03 09:42:45.716000+00:00,propertyless,sync_completed,01a05e0c-9989-7658-8fe7-6bfa12a95f48,4c95ad21-dead-5b16-8980-961468cbcd87,01a05e0c-9989-7658-8fe7-6bfa12a95f48,,posthog-react-native,2026-09-03 09:42:39.920000+00:00
01a066a6-112a-7653-96ef-e1eaeee85136,sync_completed,1,Hourwell,com.hourwell.app,0.1.0,Google,Pixel 7a,Mobile,True,False,False,posthog-react-native,4.63.9,en-US-u-mu-celsius,Android,17,False,914.2857142857144,411.42857142857144,2026-09-03T09:42:38.995Z,01a066a6-0bf8-7f0c-b28b-917b6fa4b0d7,Europe/Kiev,0,593,synced,0,0,foreground,Android,False,2026-09-03 09:42:34.344000+00:00,256687,01a05e0c-9989-7658-8fe7-6bfa12a95f48,,2026-09-03 09:42:39.965000+00:00,propertyless,sync_completed,01a05e0c-9989-7658-8fe7-6bfa12a95f48,4c95ad21-dead-5b16-8980-961468cbcd87,01a05e0c-9989-7658-8fe7-6bfa12a95f48,,posthog-react-native,2026-09-03 09:42:34.344000+00:00
01a066a6-0ebf-77f0-ae43-8d906255ff23,sync_completed,1,Hourwell,com.hourwell.app,0.1.0,Google,Pixel 7a,Mobile,True,False,False,posthog-react-native,4.63.9,en-US-u-mu-celsius,Android,17,False,914.2857142857144,411.42857142857144,2026-09-03T09:42:38.995Z,01a066a6-0bf8-7f0c-b28b-917b6fa4b0d7,Europe/Kiev,0,979,synced,0,0,foreground,Android,False,2026-09-03 09:42:33.725000+00:00,256687,01a05e0c-9989-7658-8fe7-6bfa12a95f48,,2026-09-03 09:42:39.938000+00:00,propertyless,sync_completed,01a05e0c-9989-7658-8fe7-6bfa12a95f48,4c95ad21-dead-5b16-8980-961468cbcd87,01a05e0c-9989-7658-8fe7-6bfa12a95f48,,posthog-react-native,2026-09-03 09:42:33.725000+00:00
01a066a5-f983-7367-8cc9-c976b31a8711,sync_completed,1,Hourwell,com.hourwell.app,0.1.0,Google,Pixel 7a,Mobile,True,False,False,posthog-react-native,4.63.9,en-US-u-mu-celsius,Android,17,False,914.2857142857144,411.42857142857144,2026-09-03T09:42:32.881Z,01a066a5-f4db-7821-b7b1-767a74243dd0,Europe/Kiev,0,696,synced,0,0,foreground,Android,False,2026-09-03 09:42:28.259000+00:00,256687,01a05e0c-9989-7658-8fe7-6bfa12a95f48,,2026-09-03 09:42:33.056000+00:00,propertyless,sync_completed,01a05e0c-9989-7658-8fe7-6bfa12a95f48,4c95ad21-dead-5b16-8980-961468cbcd87,01a05e0c-9989-7658-8fe7-6bfa12a95f48,,posthog-react-native,2026-09-03 09:42:28.259000+00:00
01a066a5-f6ae-7309-b999-6d06b100e11b,sync_completed,1,Hourwell,com.hourwell.app,0.1.0,Google,Pixel 7a,Mobile,True,False,False,posthog-react-native,4.63.9,en-US-u-mu-celsius,Android,17,False,914.2857142857144,411.42857142857144,2026-09-03T09:42:32.881Z,01a066a5-f4db-7821-b7b1-767a74243dd0,Europe/Kiev,0,755,synced,0,0,foreground,Android,False,2026-09-03 09:42:27.534000+00:00,256687,01a05e0c-9989-7658-8fe7-6bfa12a95f48,,2026-09-03 09:42:33.043000+00:00,propertyless,sync_completed,01a05e0c-9989-7658-8fe7-6bfa12a95f48,4c95ad21-dead-5b16-8980-961468cbcd87,01a05e0c-9989-7658-8fe7-6bfa12a95f48,,posthog-react-native,2026-09-03 09:42:27.534000+00:00
01a066a5-e2a3-7561-b2a7-1235dfa1c93a,sync_completed,1,Hourwell,com.hourwell.app,0.1.0,Google,Pixel 7a,Mobile,True,False,False,posthog-react-native,4.63.9,en-US-u-mu-celsius,Android,17,False,914.2857142857144,411.42857142857144,2026-09-03T09:42:26.953Z,01a066a5-ddc1-75ce-b6ce-d5e3a104be84,Europe/Kiev,0,647,synced,0,0,foreground,Android,False,2026-09-03 09:42:22.395000+00:00,256687,01a05e0c-9989-7658-8fe7-6bfa12a95f48,,2026-09-03 09:42:26.834000+00:00,propertyless,sync_completed,01a05e0c-9989-7658-8fe7-6bfa12a95f48,4c95ad21-dead-5b16-8980-961468cbcd87,01a05e0c-9989-7658-8fe7-6bfa12a95f48,,posthog-react-native,2026-09-03 09:42:22.395000+00:00
01a066a5-e00a-7044-ae07-141f5e05693b,sync_completed,1,Hourwell,com.hourwell.app,0.1.0,Google,Pixel 7a,Mobile,True,False,False,posthog-react-native,4.63.9,en-US-u-mu-celsius,Android,17,False,914.2857142857144,411.42857142857144,2026-09-03T09:42:26.953Z,01a066a5-ddc1-75ce-b6ce-d5e3a104be84,Europe/Kiev,0,881,synced,0,0,foreground,Android,False,2026-09-03 09:42:21.730000+00:00,256687,01a05e0c-9989-7658-8fe7-6bfa12a95f48,,2026-09-03 09:42:26.828000+00:00,propertyless,sync_completed,01a05e0c-9989-7658-8fe7-6bfa12a95f48,4c95ad21-dead-5b16-8980-961468cbcd87,01a05e0c-9989-7658-8fe7-6bfa12a95f48,,posthog-react-native,2026-09-03 09:42:21.730000+00:00
01a066a5-cb0b-72d3-96b3-7cb9f7b15631,sync_completed,1,Hourwell,com.hourwell.app,0.1.0,Google,Pixel 7a,Mobile,True,False,False,posthog-react-native,4.63.9,en-US-u-mu-celsius,Android,17,False,914.2857142857144,411.42857142857144,2026-09-03T09:42:20.996Z,01a066a5-c66e-757e-838c-89c496925843,Europe/Kiev,0,667,synced,0,0,foreground,Android,False,2026-09-03 09:42:16.374000+00:00,256687,01a05e0c-9989-7658-8fe7-6bfa12a95f48,,2026-09-03 09:42:21.576000+00:00,propertyless,sync_completed,01a05e0c-9989-7658-8fe7-6bfa12a95f48,4c95ad21-dead-5b16-8980-961468cbcd87,01a05e0c-9989-7658-8fe7-6bfa12a95f48,,posthog-react-native,2026-09-03 09:42:16.374000+00:00
01a066a5-c85d-7555-9a0a-5929bd204d4c,sync_completed,1,Hourwell,com.hourwell.app,0.1.0,Google,Pixel 7a,Mobile,True,False,False,posthog-react-native,4.63.9,en-US-u-mu-celsius,Android,17,False,914.2857142857144,411.42857142857144,2026-09-03T09:42:20.996Z,01a066a5-c66e-757e-838c-89c496925843,Europe/Kiev,0,874,synced,0,0,foreground,Android,False,2026-09-03 09:42:15.688000+00:00,256687,01a05e0c-9989-7658-8fe7-6bfa12a95f48,,2026-09-03 09:42:21.572000+00:00,propertyless,sync_completed,01a05e0c-9989-7658-8fe7-6bfa12a95f48,4c95ad21-dead-5b16-8980-961468cbcd87,01a05e0c-9989-7658-8fe7-6bfa12a95f48,,posthog-react-native,2026-09-03 09:42:15.688000+00:00
01a066a5-b43d-7603-9b09-159b1a7f7c2f,sync_completed,1,Hourwell,com.hourwell.app,0.1.0,Google,Pixel 7a,Mobile,True,False,False,posthog-react-native,4.63.9,en-US-u-mu-celsius,Android,17,False,914.2857142857144,411.42857142857144,2026-09-03T09:42:14.965Z,01a066a5-aedd-70dd-8f10-39aea493f32f,Europe/Kiev,0,692,synced,0,0,foreground,Android,False,2026-09-03 09:42:10.546000+00:00,256687,01a05e0c-9989-7658-8fe7-6bfa12a95f48,,2026-09-03 09:42:15.325000+00:00,propertyless,sync_completed,01a05e0c-9989-7658-8fe7-6bfa12a95f48,4c95ad21-dead-5b16-8980-961468cbcd87,01a05e0c-9989-7658-8fe7-6bfa12a95f48,,posthog-react-native,2026-09-03 09:42:10.546000+00:00
01a066a5-b176-7d79-8645-c6c57ec02d35,sync_completed,1,Hourwell,com.hourwell.app,0.1.0,Google,Pixel 7a,Mobile,True,False,False,posthog-react-native,4.63.9,en-US-u-mu-celsius,Android,17,False,914.2857142857144,411.42857142857144,2026-09-03T09:42:14.965Z,01a066a5-aedd-70dd-8f10-39aea493f32f,Europe/Kiev,0,1042,synced,0,0,foreground,Android,False,2026-09-03 09:42:09.836000+00:00,256687,01a05e0c-9989-7658-8fe7-6bfa12a95f48,,2026-09-03 09:42:15.310000+00:00,propertyless,sync_completed,01a05e0c-9989-7658-8fe7-6bfa12a95f48,4c95ad21-dead-5b16-8980-961468cbcd87,01a05e0c-9989-7658-8fe7-6bfa12a95f48,,posthog-react-native,2026-09-03 09:42:09.836000+00:00
01a066a5-9ca4-73fc-a8aa-e7f616d9cb3c,sync_completed,1,Hourwell,com.hourwell.app,0.1.0,Google,Pixel 7a,Mobile,True,False,False,posthog-react-native,4.63.9,en-US-u-mu-celsius,Android,17,False,914.2857142857144,411.42857142857144,2026-09-03T09:42:08.917Z,01a066a5-972f-7eb4-8bfc-43ed4e797694,Europe/Kiev,0,646,synced,0,0,foreground,Android,False,2026-09-03 09:42:04.505000+00:00,256687,01a05e0c-9989-7658-8fe7-6bfa12a95f48,,2026-09-03 09:42:08.888000+00:00,propertyless,sync_completed,01a05e0c-9989-7658-8fe7-6bfa12a95f48,4c95ad21-dead-5b16-8980-961468cbcd87,01a05e0c-9989-7658-8fe7-6bfa12a95f48,,posthog-react-native,2026-09-03 09:42:04.505000+00:00
01a066a5-9a06-7572-8dd2-1e8f3dda43a8,sync_completed,1,Hourwell,com.hourwell.app,0.1.0,Google,Pixel 7a,Mobile,True,False,False,posthog-react-native,4.63.9,en-US-u-mu-celsius,Android,17,False,914.2857142857144,411.42857142857144,2026-09-03T09:42:08.917Z,01a066a5-972f-7eb4-8bfc-43ed4e797694,Europe/Kiev,0,1170,synced,0,0,foreground,Android,False,2026-09-03 09:42:03.835000+00:00,256687,01a05e0c-9989-7658-8fe7-6bfa12a95f48,,2026-09-03 09:42:08.886000+00:00,propertyless,sync_completed,01a05e0c-9989-7658-8fe7-6bfa12a95f48,4c95ad21-dead-5b16-8980-961468cbcd87,01a05e0c-9989-7658-8fe7-6bfa12a95f48,,posthog-react-native,2026-09-03 09:42:03.835000+00:00
01a066a5-84af-72fd-b8ad-34e2381977bd,sync_completed,1,Hourwell,com.hourwell.app,0.1.0,Google,Pixel 7a,Mobile,True,False,False,posthog-react-native,4.63.9,en-US-u-mu-celsius,Android,17,False,914.2857142857144,411.42857142857144,2026-09-03T09:42:02.784Z,01a066a5-8116-7887-82a2-a51613c32791,Europe/Kiev,0,618,synced,0,0,foreground,Android,False,2026-09-03 09:41:58.363000+00:00,256687,01a05e0c-9989-7658-8fe7-6bfa12a95f48,,2026-09-03 09:42:02.938000+00:00,propertyless,sync_completed,01a05e0c-9989-7658-8fe7-6bfa12a95f48,4c95ad21-dead-5b16-8980-961468cbcd87,01a05e0c-9989-7658-8fe7-6bfa12a95f48,,posthog-react-native,2026-09-03 09:41:58.363000+00:00
01a066a5-8232-715a-87dd-0a95e8ca847d,sync_completed,1,Hourwell,com.hourwell.app,0.1.0,Google,Pixel 7a,Mobile,True,False,False,posthog-react-native,4.63.9,en-US-u-mu-celsius,Android,17,False,914.2857142857144,411.42857142857144,2026-09-03T09:42:02.784Z,01a066a5-8116-7887-82a2-a51613c32791,Europe/Kiev,0,1225,synced,0,0,foreground,Android,False,2026-09-03 09:41:57.726000+00:00,256687,01a05e0c-9989-7658-8fe7-6bfa12a95f48,,2026-09-03 09:42:02.915000+00:00,propertyless,sync_completed,01a05e0c-9989-7658-8fe7-6bfa12a95f48,4c95ad21-dead-5b16-8980-961468cbcd87,01a05e0c-9989-7658-8fe7-6bfa12a95f48,,posthog-react-native,2026-09-03 09:41:57.726000+00:00
01a066a5-6ca8-7b09-956c-398d87239971,sync_completed,1,Hourwell,com.hourwell.app,0.1.0,Google,Pixel 7a,Mobile,True,False,False,posthog-react-native,4.63.9,en-US-u-mu-celsius,Android,17,False,914.2857142857144,411.42857142857144,2026-09-03T09:41:56.635Z,01a066a5-66eb-7eac-b510-8b48e0c7dd12,Europe/Kiev,0,722,synced,0,0,foreground,Android,False,2026-09-03 09:41:52.407000+00:00,256687,01a05e0c-9989-7658-8fe7-6bfa12a95f48,,2026-09-03 09:41:56.801000+00:00,propertyless,sync_completed,01a05e0c-9989-7658-8fe7-6bfa12a95f48,4c95ad21-dead-5b16-8980-961468cbcd87,01a05e0c-9989-7658-8fe7-6bfa12a95f48,,posthog-react-native,2026-09-03 09:41:52.407000+00:00
01a066a5-69cd-70aa-993b-a3aac0740ebd,sync_completed,1,Hourwell,com.hourwell.app,0.1.0,Google,Pixel 7a,Mobile,True,False,False,posthog-react-native,4.63.9,en-US-u-mu-celsius,Android,17,False,914.2857142857144,411.42857142857144,2026-09-03T09:41:56.635Z,01a066a5-66eb-7eac-b510-8b48e0c7dd12,Europe/Kiev,0,1143,synced,0,0,foreground,Android,False,2026-09-03 09:41:51.676000+00:00,256687,01a05e0c-9989-7658-8fe7-6bfa12a95f48,,2026-09-03 09:41:56.798000+00:00,propertyless,sync_completed,01a05e0c-9989-7658-8fe7-6bfa12a95f48,4c95ad21-dead-5b16-8980-961468cbcd87,01a05e0c-9989-7658-8fe7-6bfa12a95f48,,posthog-react-native,2026-09-03 09:41:51.676000+00:00
01a066a5-5351-77dd-b683-f43c92829db4,sync_completed,1,Hourwell,com.hourwell.app,0.1.0,Google,Pixel 7a,Mobile,True,False,False,posthog-react-native,4.63.9,en-US-u-mu-celsius,Android,17,False,914.2857142857144,411.42857142857144,2026-09-03T09:41:50.445Z,01a066a5-4ef3-73cf-bc9b-f6635e37175b,Europe/Kiev,0,537,synced,0,0,foreground,Android,False,2026-09-03 09:41:45.780000+00:00,256687,01a05e0c-9989-7658-8fe7-6bfa12a95f48,,2026-09-03 09:41:51.032000+00:00,propertyless,sync_completed,01a05e0c-9989-7658-8fe7-6bfa12a95f48,4c95ad21-dead-5b16-8980-961468cbcd87,01a05e0c-9989-7658-8fe7-6bfa12a95f48,,posthog-react-native,2026-09-03 09:41:45.780000+00:00
01a066a5-5127-71e5-83bf-f4a621bd4309,sync_completed,1,Hourwell,com.hourwell.app,0.1.0,Google,Pixel 7a,Mobile,True,False,False,posthog-react-native,4.63.9,en-US-u-mu-celsius,Android,17,False,914.2857142857144,411.42857142857144,2026-09-03T09:41:50.445Z,01a066a5-4ef3-73cf-bc9b-f6635e37175b,Europe/Kiev,0,801,synced,0,0,foreground,Android,False,2026-09-03 09:41:45.226000+00:00,256687,01a05e0c-9989-7658-8fe7-6bfa12a95f48,,2026-09-03 09:41:51.025000+00:00,propertyless,sync_completed,01a05e0c-9989-7658-8fe7-6bfa12a95f48,4c95ad21-dead-5b16-8980-961468cbcd87,01a05e0c-9989-7658-8fe7-6bfa12a95f48,,posthog-react-native,2026-09-03 09:41:45.226000+00:00
01a066a5-3ad8-7409-9dcd-1036773cc593,sync_completed,1,Hourwell,com.hourwell.app,0.1.0,Google,Pixel 7a,Mobile,True,False,False,posthog-react-native,4.63.9,en-US-u-mu-celsius,Android,17,False,914.2857142857144,411.42857142857144,2026-09-03T09:41:44.252Z,01a066a5-362b-717c-b286-ae1db8bdbb52,Europe/Kiev,0,568,synced,0,0,foreground,Android,False,2026-09-03 09:41:39.518000+00:00,256687,01a05e0c-9989-7658-8fe7-6bfa12a95f48,,2026-09-03 09:41:44.446000+00:00,propertyless,sync_completed,01a05e0c-9989-7658-8fe7-6bfa12a95f48,4c95ad21-dead-5b16-8980-961468cbcd87,01a05e0c-9989-7658-8fe7-6bfa12a95f48,,posthog-react-native,2026-09-03 09:41:39.518000+00:00
01a066a5-3891-7a7c-aa9e-6a748be7df48,sync_completed,1,Hourwell,com.hourwell.app,0.1.0,Google,Pixel 7a,Mobile,True,False,False,posthog-react-native,4.63.9,en-US-u-mu-celsius,Android,17,False,914.2857142857144,411.42857142857144,2026-09-03T09:41:44.252Z,01a066a5-362b-717c-b286-ae1db8bdbb52,Europe/Kiev,0,991,synced,0,0,foreground,Android,False,2026-09-03 09:41:38.934000+00:00,256687,01a05e0c-9989-7658-8fe7-6bfa12a95f48,,2026-09-03 09:41:44.437000+00:00,propertyless,sync_completed,01a05e0c-9989-7658-8fe7-6bfa12a95f48,4c95ad21-dead-5b16-8980-961468cbcd87,01a05e0c-9989-7658-8fe7-6bfa12a95f48,,posthog-react-native,2026-09-03 09:41:38.934000+00:00
01a066a5-2175-7004-9680-6fea0bb857da,sync_completed,1,Hourwell,com.hourwell.app,0.1.0,Google,Pixel 7a,Mobile,True,False,False,posthog-react-native,4.63.9,en-US-u-mu-celsius,Android,17,False,914.2857142857144,411.42857142857144,2026-09-03T09:41:37.966Z,01a066a5-1eb4-7ef3-8eb6-38c1734bb050,Europe/Kiev,0,679,synced,0,0,foreground,Android,False,2026-09-03 09:41:32.990000+00:00,256687,01a05e0c-9989-7658-8fe7-6bfa12a95f48,,2026-09-03 09:41:38.141000+00:00,propertyless,sync_completed,01a05e0c-9989-7658-8fe7-6bfa12a95f48,4c95ad21-dead-5b16-8980-961468cbcd87,01a05e0c-9989-7658-8fe7-6bfa12a95f48,,posthog-react-native,2026-09-03 09:41:32.990000+00:00
01a066a5-1eb5-73c5-b3e5-66cbe285fcd9,sync_completed,1,Hourwell,com.hourwell.app,0.1.0,Google,Pixel 7a,Mobile,True,False,False,posthog-react-native,4.63.9,en-US-u-mu-celsius,Android,17,False,914.2857142857144,411.42857142857144,2026-09-03T09:41:37.966Z,01a066a5-1eb4-7ef3-8eb6-38c1734bb050,Europe/Kiev,0,811,synced,0,0,foreground,Android,False,2026-09-03 09:41:32.286000+00:00,256687,01a05e0c-9989-7658-8fe7-6bfa12a95f48,,2026-09-03 09:41:38.127000+00:00,propertyless,sync_completed,01a05e0c-9989-7658-8fe7-6bfa12a95f48,4c95ad21-dead-5b16-8980-961468cbcd87,01a05e0c-9989-7658-8fe7-6bfa12a95f48,,posthog-react-native,2026-09-03 09:41:32.286000+00:00
01a066a5-0828-7a8b-9ef5-3e7384f655b6,sync_completed,1,Hourwell,com.hourwell.app,0.1.0,Google,Pixel 7a,Mobile,True,False,False,posthog-react-native,4.63.9,en-US-u-mu-celsius,Android,17,False,914.2857142857144,411.42857142857144,2026-09-03T09:41:31.562Z,01a066a5-0343-7529-ba0c-4f6b73821b47,Europe/Kiev,0,687,synced,0,0,foreground,Android,False,2026-09-03 09:41:26.503000+00:00,256687,01a05e0c-9989-7658-8fe7-6bfa12a95f48,,2026-09-03 09:41:32.279000+00:00,propertyless,sync_completed,01a05e0c-9989-7658-8fe7-6bfa12a95f48,4c95ad21-dead-5b16-8980-961468cbcd87,01a05e0c-9989-7658-8fe7-6bfa12a95f48,,posthog-react-native,2026-09-03 09:41:26.503000+00:00
01a066a5-0559-7dda-bf8b-4ef25a0fd4d4,sync_completed,1,Hourwell,com.hourwell.app,0.1.0,Google,Pixel 7a,Mobile,True,False,False,posthog-react-native,4.63.9,en-US-u-mu-celsius,Android,17,False,914.2857142857144,411.42857142857144,2026-09-03T09:41:31.562Z,01a066a5-0343-7529-ba0c-4f6b73821b47,Europe/Kiev,0,894,synced,0,0,foreground,Android,False,2026-09-03 09:41:25.784000+00:00,256687,01a05e0c-9989-7658-8fe7-6bfa12a95f48,,2026-09-03 09:41:32.247000+00:00,propertyless,sync_completed,01a05e0c-9989-7658-8fe7-6bfa12a95f48,4c95ad21-dead-5b16-8980-961468cbcd87,01a05e0c-9989-7658-8fe7-6bfa12a95f48,,posthog-react-native,2026-09-03 09:41:25.784000+00:00
01a066a4-eef5-7d2a-ae80-2b5f44a11c98,sync_completed,1,Hourwell,com.hourwell.app,0.1.0,Google,Pixel 7a,Mobile,True,False,False,posthog-react-native,4.63.9,en-US-u-mu-celsius,Android,17,False,914.2857142857144,411.42857142857144,2026-09-03T09:41:24.991Z,01a066a4-ec6a-7114-b1ef-e285447d4f6e,Europe/Kiev,0,632,synced,0,0,foreground,Android,False,2026-09-03 09:41:20.060000+00:00,256687,01a05e0c-9989-7658-8fe7-6bfa12a95f48,,2026-09-03 09:41:25.007000+00:00,propertyless,sync_completed,01a05e0c-9989-7658-8fe7-6bfa12a95f48,4c95ad21-dead-5b16-8980-961468cbcd87,01a05e0c-9989-7658-8fe7-6bfa12a95f48,,posthog-react-native,2026-09-03 09:41:20.060000+00:00
01a066a4-ec6b-7cc2-90d4-74666a4806f4,sync_completed,1,Hourwell,com.hourwell.app,0.1.0,Google,Pixel 7a,Mobile,True,False,False,posthog-react-native,4.63.9,en-US-u-mu-celsius,Android,17,False,914.2857142857144,411.42857142857144,2026-09-03T09:41:24.991Z,01a066a4-ec6a-7114-b1ef-e285447d4f6e,Europe/Kiev,0,747,synced,0,0,foreground,Android,False,2026-09-03 09:41:19.410000+00:00,256687,01a05e0c-9989-7658-8fe7-6bfa12a95f48,,2026-09-03 09:41:24.998000+00:00,propertyless,sync_completed,01a05e0c-9989-7658-8fe7-6bfa12a95f48,4c95ad21-dead-5b16-8980-961468cbcd87,01a05e0c-9989-7658-8fe7-6bfa12a95f48,,posthog-react-native,2026-09-03 09:41:19.410000+00:00
01a066a4-d89d-737b-9058-8c7b665da928,sync_completed,1,Hourwell,com.hourwell.app,0.1.0,Google,Pixel 7a,Mobile,True,False,False,posthog-react-native,4.63.9,en-US-u-mu-celsius,Android,17,False,914.2857142857144,411.42857142857144,2026-09-03T09:41:18.777Z,01a066a4-d37e-7bf1-925a-ed2c32c9010f,Europe/Kiev,0,805,synced,0,0,foreground,Android,False,2026-09-03 09:41:14.386000+00:00,256687,01a05e0c-9989-7658-8fe7-6bfa12a95f48,,2026-09-03 09:41:18.855000+00:00,propertyless,sync_completed,01a05e0c-9989-7658-8fe7-6bfa12a95f48,4c95ad21-dead-5b16-8980-961468cbcd87,01a05e0c-9989-7658-8fe7-6bfa12a95f48,,posthog-react-native,2026-09-03 09:41:14.386000+00:00
01a066a4-d55e-7d23-988b-0718856a1c66,sync_completed,1,Hourwell,com.hourwell.app,0.1.0,Google,Pixel 7a,Mobile,True,False,False,posthog-react-native,4.63.9,en-US-u-mu-celsius,Android,17,False,914.2857142857144,411.42857142857144,2026-09-03T09:41:18.777Z,01a066a4-d37e-7bf1-925a-ed2c32c9010f,Europe/Kiev,0,822,synced,0,0,foreground,Android,False,2026-09-03 09:41:13.555000+00:00,256687,01a05e0c-9989-7658-8fe7-6bfa12a95f48,,2026-09-03 09:41:18.848000+00:00,propertyless,sync_completed,01a05e0c-9989-7658-8fe7-6bfa12a95f48,4c95ad21-dead-5b16-8980-961468cbcd87,01a05e0c-9989-7658-8fe7-6bfa12a95f48,,posthog-react-native,2026-09-03 09:41:13.555000+00:00
01a066a4-c016-7062-816f-8264b467baaa,sync_completed,1,Hourwell,com.hourwell.app,0.1.0,Google,Pixel 7a,Mobile,True,False,False,posthog-react-native,4.63.9,en-US-u-mu-celsius,Android,17,False,914.2857142857144,411.42857142857144,2026-09-03T09:41:12.611Z,01a066a4-bb91-771e-b444-2aab49b09598,Europe/Kiev,0,687,synced,0,0,foreground,Android,False,2026-09-03 09:41:08.049000+00:00,256687,01a05e0c-9989-7658-8fe7-6bfa12a95f48,,2026-09-03 09:41:12.701000+00:00,propertyless,sync_completed,01a05e0c-9989-7658-8fe7-6bfa12a95f48,4c95ad21-dead-5b16-8980-961468cbcd87,01a05e0c-9989-7658-8fe7-6bfa12a95f48,,posthog-react-native,2026-09-03 09:41:08.049000+00:00
01a066a4-bd5a-781a-9287-5ccd14ff8a89,sync_completed,1,Hourwell,com.hourwell.app,0.1.0,Google,Pixel 7a,Mobile,True,False,False,posthog-react-native,4.63.9,en-US-u-mu-celsius,Android,17,False,914.2857142857144,411.42857142857144,2026-09-03T09:41:12.611Z,01a066a4-bb91-771e-b444-2aab49b09598,Europe/Kiev,0,967,synced,0,0,foreground,Android,False,2026-09-03 09:41:07.349000+00:00,256687,01a05e0c-9989-7658-8fe7-6bfa12a95f48,,2026-09-03 09:41:12.696000+00:00,propertyless,sync_completed,01a05e0c-9989-7658-8fe7-6bfa12a95f48,4c95ad21-dead-5b16-8980-961468cbcd87,01a05e0c-9989-7658-8fe7-6bfa12a95f48,,posthog-react-native,2026-09-03 09:41:07.349000+00:00
01a066a4-acc8-790a-a414-296865cd55e3,sync_completed,1,Hourwell,com.hourwell.app,0.1.0,Google,Pixel 7a,Mobile,True,False,False,posthog-react-native,4.63.9,en-US-u-mu-celsius,Android,17,False,914.2857142857144,411.42857142857144,2026-09-03T09:41:06.426Z,01a066a4-a66b-7b02-a5ba-519085f73282,Europe/Kiev,0,720,synced,0,0,foreground,Android,False,2026-09-03 09:41:03.173000+00:00,256687,01a05e0c-9989-7658-8fe7-6bfa12a95f48,,2026-09-03 09:41:06.924000+00:00,propertyless,sync_completed,01a05e0c-9989-7658-8fe7-6bfa12a95f48,4c95ad21-dead-5b16-8980-961468cbcd87,01a05e0c-9989-7658-8fe7-6bfa12a95f48,,posthog-react-native,2026-09-03 09:41:03.173000+00:00
01a066a4-a9eb-7f8a-bb70-bf1b86da93e4,sync_completed,1,Hourwell,com.hourwell.app,0.1.0,Google,Pixel 7a,Mobile,True,False,False,posthog-react-native,4.63.9,en-US-u-mu-celsius,Android,17,False,914.2857142857144,411.42857142857144,2026-09-03T09:41:06.426Z,01a066a4-a66b-7b02-a5ba-519085f73282,Europe/Kiev,0,2067,synced,0,0,foreground,Android,False,2026-09-03 09:41:02.440000+00:00,256687,01a05e0c-9989-7658-8fe7-6bfa12a95f48,,2026-09-03 09:41:06.912000+00:00,propertyless,sync_completed,01a05e0c-9989-7658-8fe7-6bfa12a95f48,4c95ad21-dead-5b16-8980-961468cbcd87,01a05e0c-9989-7658-8fe7-6bfa12a95f48,,posthog-react-native,2026-09-03 09:41:02.440000+00:00
01a066a4-91d6-7765-bcee-bc4f9c5e52b5,sync_completed,1,Hourwell,com.hourwell.app,0.1.0,Google,Pixel 7a,Mobile,True,False,False,posthog-react-native,4.63.9,en-US-u-mu-celsius,Android,17,False,914.2857142857144,411.42857142857144,2026-09-03T09:41:00.416Z,01a066a4-8b3a-7a07-811f-c118ede1d104,Europe/Kiev,0,843,synced,0,0,foreground,Android,False,2026-09-03 09:40:56.237000+00:00,256687,01a05e0c-9989-7658-8fe7-6bfa12a95f48,,2026-09-03 09:41:00.560000+00:00,propertyless,sync_completed,01a05e0c-9989-7658-8fe7-6bfa12a95f48,4c95ad21-dead-5b16-8980-961468cbcd87,01a05e0c-9989-7658-8fe7-6bfa12a95f48,,posthog-react-native,2026-09-03 09:40:56.237000+00:00
01a066a4-8e7a-72cd-829e-4572f9c951ff,sync_completed,1,Hourwell,com.hourwell.app,0.1.0,Google,Pixel 7a,Mobile,True,False,False,posthog-react-native,4.63.9,en-US-u-mu-celsius,Android,17,False,914.2857142857144,411.42857142857144,2026-09-03T09:41:00.416Z,01a066a4-8b3a-7a07-811f-c118ede1d104,Europe/Kiev,0,1178,synced,0,0,foreground,Android,False,2026-09-03 09:40:55.377000+00:00,256687,01a05e0c-9989-7658-8fe7-6bfa12a95f48,,2026-09-03 09:41:00.557000+00:00,propertyless,sync_completed,01a05e0c-9989-7658-8fe7-6bfa12a95f48,4c95ad21-dead-5b16-8980-961468cbcd87,01a05e0c-9989-7658-8fe7-6bfa12a95f48,,posthog-react-native,2026-09-03 09:40:55.377000+00:00
01a066a4-7b48-7ec5-b821-b469f4f90b72,sync_completed,1,Hourwell,com.hourwell.app,0.1.0,Google,Pixel 7a,Mobile,True,False,False,posthog-react-native,4.63.9,en-US-u-mu-celsius,Android,17,False,914.2857142857144,411.42857142857144,2026-09-03T09:40:54.277Z,01a066a4-732b-7ecd-a8eb-1e94ce28c51e,Europe/Kiev,0,1370,synced,0,0,foreground,Android,False,2026-09-03 09:40:50.482000+00:00,256687,01a05e0c-9989-7658-8fe7-6bfa12a95f48,,2026-09-03 09:40:54.422000+00:00,propertyless,sync_completed,01a05e0c-9989-7658-8fe7-6bfa12a95f48,4c95ad21-dead-5b16-8980-961468cbcd87,01a05e0c-9989-7658-8fe7-6bfa12a95f48,,posthog-react-native,2026-09-03 09:40:50.482000+00:00
01a066a4-75dc-72a7-bf47-6c2ee4e2402e,sync_completed,1,Hourwell,com.hourwell.app,0.1.0,Google,Pixel 7a,Mobile,True,False,False,posthog-react-native,4.63.9,en-US-u-mu-celsius,Android,17,False,914.2857142857144,411.42857142857144,2026-09-03T09:40:54.277Z,01a066a4-732b-7ecd-a8eb-1e94ce28c51e,Europe/Kiev,0,1192,synced,0,0,foreground,Android,False,2026-09-03 09:40:49.094000+00:00,256687,01a05e0c-9989-7658-8fe7-6bfa12a95f48,,2026-09-03 09:40:54.419000+00:00,propertyless,sync_completed,01a05e0c-9989-7658-8fe7-6bfa12a95f48,4c95ad21-dead-5b16-8980-961468cbcd87,01a05e0c-9989-7658-8fe7-6bfa12a95f48,,posthog-react-native,2026-09-03 09:40:49.094000+00:00
01a066a3-0f1b-7960-8adc-e1e8cf22f89f,sync_completed,1,Hourwell,com.hourwell.app,0.1.0,Google,Pixel 7a,Mobile,True,False,False,posthog-react-native,4.63.9,en-US-u-mu-celsius,Android,17,False,914.2857142857144,411.42857142857144,2026-09-03T09:39:25.902Z,01a066a3-093a-7af5-8268-134aa5c83d1a,Europe/Kiev,0,585,synced,0,0,foreground,Android,False,2026-09-03 09:39:17.378000+00:00,256687,01a05e0c-9989-7658-8fe7-6bfa12a95f48,,2026-09-03 09:39:26.015000+00:00,propertyless,sync_completed,01a05e0c-9989-7658-8fe7-6bfa12a95f48,4c95ad21-dead-5b16-8980-961468cbcd87,01a05e0c-9989-7658-8fe7-6bfa12a95f48,,posthog-react-native,2026-09-03 09:39:17.378000+00:00
01a066a3-0cc4-7a1f-8789-212cde8cb47f,sync_completed,1,Hourwell,com.hourwell.app,0.1.0,Google,Pixel 7a,Mobile,True,False,False,posthog-react-native,4.63.9,en-US-u-mu-celsius,Android,17,False,914.2857142857144,411.42857142857144,2026-09-03T09:39:25.902Z,01a066a3-093a-7af5-8268-134aa5c83d1a,Europe/Kiev,0,1308,synced,0,0,foreground,Android,False,2026-09-03 09:39:16.779000+00:00,256687,01a05e0c-9989-7658-8fe7-6bfa12a95f48,,2026-09-03 09:39:26.010000+00:00,propertyless,sync_completed,01a05e0c-9989-7658-8fe7-6bfa12a95f48,4c95ad21-dead-5b16-8980-961468cbcd87,01a05e0c-9989-7658-8fe7-6bfa12a95f48,,posthog-react-native,2026-09-03 09:39:16.779000+00:00
01a066a2-7552-7e43-9c2e-6f706e00420b,sync_completed,1,Hourwell,com.hourwell.app,0.1.0,Google,Pixel 7a,Mobile,True,False,False,posthog-react-native,4.63.9,en-US-u-mu-celsius,Android,17,False,914.2857142857144,411.42857142857144,2026-09-03T09:38:46.771Z,01a066a2-705f-7f4f-a684-826fa7134fe8,Europe/Kiev,0,592,synced,0,0,foreground,Android,False,2026-09-03 09:38:37.849000+00:00,256687,01a05e0c-9989-7658-8fe7-6bfa12a95f48,,2026-09-03 09:39:10.722000+00:00,propertyless,sync_completed,01a05e0c-9989-7658-8fe7-6bfa12a95f48,4c95ad21-dead-5b16-8980-961468cbcd87,01a05e0c-9989-7658-8fe7-6bfa12a95f48,,posthog-react-native,2026-09-03 09:38:37.849000+00:00
01a066a2-72f7-7707-8901-fd953b5811ef,sync_completed,1,Hourwell,com.hourwell.app,0.1.0,Google,Pixel 7a,Mobile,True,False,False,posthog-react-native,4.63.9,en-US-u-mu-celsius,Android,17,False,914.2857142857144,411.42857142857144,2026-09-03T09:38:46.771Z,01a066a2-705f-7f4f-a684-826fa7134fe8,Europe/Kiev,0,1277,synced,0,0,foreground,Android,False,2026-09-03 09:38:37.246000+00:00,256687,01a05e0c-9989-7658-8fe7-6bfa12a95f48,,2026-09-03 09:39:10.575000+00:00,propertyless,sync_completed,01a05e0c-9989-7658-8fe7-6bfa12a95f48,4c95ad21-dead-5b16-8980-961468cbcd87,01a05e0c-9989-7658-8fe7-6bfa12a95f48,,posthog-react-native,2026-09-03 09:38:37.246000+00:00
01a066a2-5f0c-7a19-8f71-93f55f30cf67,sync_completed,1,Hourwell,com.hourwell.app,0.1.0,Google,Pixel 7a,Mobile,True,False,False,posthog-react-native,4.63.9,en-US-u-mu-celsius,Android,17,False,914.2857142857144,411.42857142857144,2026-09-03T09:38:36.053Z,01a066a2-5c43-7d71-97ba-4ee1e37920e2,Europe/Kiev,0,701,synced,0,0,foreground,Android,False,2026-09-03 09:38:32.594000+00:00,256687,01a05e0c-9989-7658-8fe7-6bfa12a95f48,,2026-09-03 09:39:07.813000+00:00,propertyless,sync_completed,01a05e0c-9989-7658-8fe7-6bfa12a95f48,4c95ad21-dead-5b16-8980-961468cbcd87,01a05e0c-9989-7658-8fe7-6bfa12a95f48,,posthog-react-native,2026-09-03 09:38:32.594000+00:00
01a066a2-5c43-7d71-97ba-4ee26e800168,sync_completed,1,Hourwell,com.hourwell.app,0.1.0,Google,Pixel 7a,Mobile,True,False,False,posthog-react-native,4.63.9,en-US-u-mu-celsius,Android,17,False,914.2857142857144,411.42857142857144,2026-09-03T09:38:36.053Z,01a066a2-5c43-7d71-97ba-4ee1e37920e2,Europe/Kiev,0,1487,synced,0,0,foreground,Android,False,2026-09-03 09:38:31.881000+00:00,256687,01a05e0c-9989-7658-8fe7-6bfa12a95f48,,2026-09-03 09:39:07.654000+00:00,propertyless,sync_completed,01a05e0c-9989-7658-8fe7-6bfa12a95f48,4c95ad21-dead-5b16-8980-961468cbcd87,01a05e0c-9989-7658-8fe7-6bfa12a95f48,,posthog-react-native,2026-09-03 09:38:31.881000+00:00
01a0669f-b649-7e5e-92e7-e0c7e27ea18e,sync_completed,1,Hourwell,com.hourwell.app,0.1.0,Google,Pixel 7a,Mobile,True,False,False,posthog-react-native,4.63.9,en-US-u-mu-celsius,Android,17,False,914.2857142857144,411.42857142857144,2026-09-03T09:35:48.073Z,01a06673-7a38-7cf7-991c-6a8e5979a3bd,Europe/Kiev,0,1184,synced,0,0,poll,Android,False,2026-09-03 09:35:37.882000+00:00,256687,01a05e0c-9989-7658-8fe7-6bfa12a95f48,,2026-09-03 09:35:48.096000+00:00,propertyless,sync_completed,01a05e0c-9989-7658-8fe7-6bfa12a95f48,4c95ad21-dead-5b16-8980-961468cbcd87,01a05e0c-9989-7658-8fe7-6bfa12a95f48,,posthog-react-native,2026-09-03 09:35:37.882000+00:00
01a0669e-cbf2-7901-87de-b0f740b6817c,sync_completed,1,Hourwell,com.hourwell.app,0.1.0,Google,Pixel 7a,Mobile,True,False,False,posthog-react-native,4.63.9,en-US-u-mu-celsius,Android,17,False,914.2857142857144,411.42857142857144,2026-09-03T09:34:46.888Z,01a06673-7a38-7cf7-991c-6a8e5979a3bd,Europe/Kiev,0,615,synced,0,0,foreground,Android,False,2026-09-03 09:34:37.883000+00:00,256687,01a05e0c-9989-7658-8fe7-6bfa12a95f48,,2026-09-03 09:34:46.975000+00:00,propertyless,sync_completed,01a05e0c-9989-7658-8fe7-6bfa12a95f48,4c95ad21-dead-5b16-8980-961468cbcd87,01a05e0c-9989-7658-8fe7-6bfa12a95f48,,posthog-react-native,2026-09-03 09:34:37.883000+00:00
01a0669e-c974-70d7-9596-bfa6d0c422d8,sync_completed,1,Hourwell,com.hourwell.app,0.1.0,Google,Pixel 7a,Mobile,True,False,False,posthog-react-native,4.63.9,en-US-u-mu-celsius,Android,17,False,914.2857142857144,411.42857142857144,2026-09-03T09:34:46.888Z,01a06673-7a38-7cf7-991c-6a8e5979a3bd,Europe/Kiev,0,590,synced,0,0,foreground,Android,False,2026-09-03 09:34:37.245000+00:00,256687,01a05e0c-9989-7658-8fe7-6bfa12a95f48,,2026-09-03 09:34:46.960000+00:00,propertyless,sync_completed,01a05e0c-9989-7658-8fe7-6bfa12a95f48,4c95ad21-dead-5b16-8980-961468cbcd87,01a05e0c-9989-7658-8fe7-6bfa12a95f48,,posthog-react-native,2026-09-03 09:34:37.245000+00:00
01a0669e-b930-77da-95c6-e705f699de9d,sync_completed,1,Hourwell,com.hourwell.app,0.1.0,Google,Pixel 7a,Mobile,True,False,False,posthog-react-native,4.63.9,en-US-u-mu-celsius,Android,17,False,914.2857142857144,411.42857142857144,2026-09-03T09:34:34.684Z,01a06673-7a38-7cf7-991c-6a8e5979a3bd,Europe/Kiev,0,1066,synced,1,2,write,Android,False,2026-09-03 09:34:33.078000+00:00,256687,01a05e0c-9989-7658-8fe7-6bfa12a95f48,,2026-09-03 09:34:34.849000+00:00,propertyless,sync_completed,01a05e0c-9989-7658-8fe7-6bfa12a95f48,4c95ad21-dead-5b16-8980-961468cbcd87,01a05e0c-9989-7658-8fe7-6bfa12a95f48,,posthog-react-native,2026-09-03 09:34:33.078000+00:00
01a0669e-8781-7483-9c24-530058ce3dd5,sync_completed,1,Hourwell,com.hourwell.app,0.1.0,Google,Pixel 7a,Mobile,True,False,False,posthog-react-native,4.63.9,en-US-u-mu-celsius,Android,17,False,914.2857142857144,411.42857142857144,2026-09-03T09:34:28.882Z,01a06673-7a38-7cf7-991c-6a8e5979a3bd,Europe/Kiev,0,855,synced,0,0,foreground,Android,False,2026-09-03 09:34:20.409000+00:00,256687,01a05e0c-9989-7658-8fe7-6bfa12a95f48,,2026-09-03 09:34:28.810000+00:00,propertyless,sync_completed,01a05e0c-9989-7658-8fe7-6bfa12a95f48,4c95ad21-dead-5b16-8980-961468cbcd87,01a05e0c-9989-7658-8fe7-6bfa12a95f48,,posthog-react-native,2026-09-03 09:34:20.409000+00:00
01a0669e-841a-7042-a966-48f67cd300e9,sync_completed,1,Hourwell,com.hourwell.app,0.1.0,Google,Pixel 7a,Mobile,True,False,False,posthog-react-native,4.63.9,en-US-u-mu-celsius,Android,17,False,914.2857142857144,411.42857142857144,2026-09-03T09:34:28.882Z,01a06673-7a38-7cf7-991c-6a8e5979a3bd,Europe/Kiev,0,837,synced,0,0,foreground,Android,False,2026-09-03 09:34:19.538000+00:00,256687,01a05e0c-9989-7658-8fe7-6bfa12a95f48,,2026-09-03 09:34:28.807000+00:00,propertyless,sync_completed,01a05e0c-9989-7658-8fe7-6bfa12a95f48,4c95ad21-dead-5b16-8980-961468cbcd87,01a05e0c-9989-7658-8fe7-6bfa12a95f48,,posthog-react-native,2026-09-03 09:34:19.538000+00:00
01a0669e-76aa-73e2-a7cd-30aeb87ac622,sync_completed,1,Hourwell,com.hourwell.app,0.1.0,Google,Pixel 7a,Mobile,True,False,False,posthog-react-native,4.63.9,en-US-u-mu-celsius,Android,17,False,914.2857142857144,411.42857142857144,2026-09-03T09:34:18.767Z,01a06673-7a38-7cf7-991c-6a8e5979a3bd,Europe/Kiev,0,688,synced,0,0,foreground,Android,False,2026-09-03 09:34:16.034000+00:00,256687,01a05e0c-9989-7658-8fe7-6bfa12a95f48,,2026-09-03 09:34:18.728000+00:00,propertyless,sync_completed,01a05e0c-9989-7658-8fe7-6bfa12a95f48,4c95ad21-dead-5b16-8980-961468cbcd87,01a05e0c-9989-7658-8fe7-6bfa12a95f48,,posthog-react-native,2026-09-03 09:34:16.034000+00:00
01a0669e-73df-7785-8da9-1c851bd9d33e,sync_completed,1,Hourwell,com.hourwell.app,0.1.0,Google,Pixel 7a,Mobile,True,False,False,posthog-react-native,4.63.9,en-US-u-mu-celsius,Android,17,False,914.2857142857144,411.42857142857144,2026-09-03T09:34:18.767Z,01a06673-7a38-7cf7-991c-6a8e5979a3bd,Europe/Kiev,0,1138,synced,1,2,foreground,Android,False,2026-09-03 09:34:15.319000+00:00,256687,01a05e0c-9989-7658-8fe7-6bfa12a95f48,,2026-09-03 09:34:18.726000+00:00,propertyless,sync_completed,01a05e0c-9989-7658-8fe7-6bfa12a95f48,4c95ad21-dead-5b16-8980-961468cbcd87,01a05e0c-9989-7658-8fe7-6bfa12a95f48,,posthog-react-native,2026-09-03 09:34:15.319000+00:00
01a0669d-9b75-7b08-b0ea-c9c9a3dfafb5,sync_completed,1,Hourwell,com.hourwell.app,0.1.0,Google,Pixel 7a,Mobile,True,False,False,posthog-react-native,4.63.9,en-US-u-mu-celsius,Android,17,False,711.1111111111111,320,2026-09-03T09:33:30.126Z,01a06673-7a38-7cf7-991c-6a8e5979a3bd,Europe/Kiev,0,1046,synced,0,0,poll,Android,False,2026-09-03 09:33:19.921000+00:00,256687,01a05e0c-9989-7658-8fe7-6bfa12a95f48,,2026-09-03 09:33:30.309000+00:00,propertyless,sync_completed,01a05e0c-9989-7658-8fe7-6bfa12a95f48,4c95ad21-dead-5b16-8980-961468cbcd87,01a05e0c-9989-7658-8fe7-6bfa12a95f48,,posthog-react-native,2026-09-03 09:33:19.921000+00:00
01a0669c-b010-767c-8908-ae12391cbbaf,sync_completed,1,Hourwell,com.hourwell.app,0.1.0,Google,Pixel 7a,Mobile,True,False,False,posthog-react-native,4.63.9,en-US-u-mu-celsius,Android,17,False,711.1111111111111,320,2026-09-03T09:32:29.869Z,01a06673-7a38-7cf7-991c-6a8e5979a3bd,Europe/Kiev,0,810,synced,0,0,poll,Android,False,2026-09-03 09:32:19.698000+00:00,256687,01a05e0c-9989-7658-8fe7-6bfa12a95f48,,2026-09-03 09:32:30.161000+00:00,propertyless,sync_completed,01a05e0c-9989-7658-8fe7-6bfa12a95f48,4c95ad21-dead-5b16-8980-961468cbcd87,01a05e0c-9989-7658-8fe7-6bfa12a95f48,,posthog-react-native,2026-09-03 09:32:19.698000+00:00
01a0669b-c73a-7a60-91af-3a0990df542b,sync_completed,1,Hourwell,com.hourwell.app,0.1.0,Google,Pixel 7a,Mobile,True,False,False,posthog-react-native,4.63.9,en-US-u-mu-celsius,Android,17,False,711.1111111111111,320,2026-09-03T09:31:30.265Z,01a06673-7a38-7cf7-991c-6a8e5979a3bd,Europe/Kiev,0,1232,synced,0,0,poll,Android,False,2026-09-03 09:31:20.086000+00:00,256687,01a05e0c-9989-7658-8fe7-6bfa12a95f48,,2026-09-03 09:31:30.541000+00:00,propertyless,sync_completed,01a05e0c-9989-7658-8fe7-6bfa12a95f48,4c95ad21-dead-5b16-8980-961468cbcd87,01a05e0c-9989-7658-8fe7-6bfa12a95f48,,posthog-react-native,2026-09-03 09:31:20.086000+00:00
01a0669a-db36-7920-804f-a206c7fe6ac6,sync_completed,1,Hourwell,com.hourwell.app,0.1.0,Google,Pixel 7a,Mobile,True,False,False,posthog-react-native,4.63.9,en-US-u-mu-celsius,Android,17,False,711.1111111111111,320,2026-09-03T09:30:29.838Z,01a06673-7a38-7cf7-991c-6a8e5979a3bd,Europe/Kiev,0,800,synced,0,0,poll,Android,False,2026-09-03 09:30:19.676000+00:00,256687,01a05e0c-9989-7658-8fe7-6bfa12a95f48,,2026-09-03 09:30:30.843000+00:00,propertyless,sync_completed,01a05e0c-9989-7658-8fe7-6bfa12a95f48,4c95ad21-dead-5b16-8980-961468cbcd87,01a05e0c-9989-7658-8fe7-6bfa12a95f48,,posthog-react-native,2026-09-03 09:30:19.676000+00:00
01a06699-f0d2-7ea9-8306-b2c41f00118c,sync_completed,1,Hourwell,com.hourwell.app,0.1.0,Google,Pixel 7a,Mobile,True,False,False,posthog-react-native,4.63.9,en-US-u-mu-celsius,Android,17,False,711.1111111111111,320,2026-09-03T09:29:29.834Z,01a06673-7a38-7cf7-991c-6a8e5979a3bd,Europe/Kiev,0,805,synced,0,0,poll,Android,False,2026-09-03 09:29:19.668000+00:00,256687,01a05e0c-9989-7658-8fe7-6bfa12a95f48,,2026-09-03 09:29:30.138000+00:00,propertyless,sync_completed,01a05e0c-9989-7658-8fe7-6bfa12a95f48,4c95ad21-dead-5b16-8980-961468cbcd87,01a05e0c-9989-7658-8fe7-6bfa12a95f48,,posthog-react-native,2026-09-03 09:29:19.668000+00:00
01a06699-055e-7690-b64f-5be21489fddb,sync_completed,1,Hourwell,com.hourwell.app,0.1.0,Google,Pixel 7a,Mobile,True,False,False,posthog-react-native,4.63.9,en-US-u-mu-celsius,Android,17,False,711.1111111111111,320,2026-09-03T09:28:29.559Z,01a06673-7a38-7cf7-991c-6a8e5979a3bd,Europe/Kiev,0,534,synced,0,0,poll,Android,False,2026-09-03 09:28:19.429000+00:00,256687,01a05e0c-9989-7658-8fe7-6bfa12a95f48,,2026-09-03 09:28:29.644000+00:00,propertyless,sync_completed,01a05e0c-9989-7658-8fe7-6bfa12a95f48,4c95ad21-dead-5b16-8980-961468cbcd87,01a05e0c-9989-7658-8fe7-6bfa12a95f48,,posthog-react-native,2026-09-03 09:28:19.429000+00:00
01a06698-1c52-77cc-b075-0bb06d74f83f,sync_completed,1,Hourwell,com.hourwell.app,0.1.0,Google,Pixel 7a,Mobile,True,False,False,posthog-react-native,4.63.9,en-US-u-mu-celsius,Android,17,False,711.1111111111111,320,2026-09-03T09:27:29.899Z,01a06673-7a38-7cf7-991c-6a8e5979a3bd,Europe/Kiev,0,891,synced,0,0,poll,Android,False,2026-09-03 09:27:19.727000+00:00,256687,01a05e0c-9989-7658-8fe7-6bfa12a95f48,,2026-09-03 09:27:30.008000+00:00,propertyless,sync_completed,01a05e0c-9989-7658-8fe7-6bfa12a95f48,4c95ad21-dead-5b16-8980-961468cbcd87,01a05e0c-9989-7658-8fe7-6bfa12a95f48,,posthog-react-native,2026-09-03 09:27:19.727000+00:00
01a06697-31dc-7d7b-931a-68089e002e79,sync_completed,1,Hourwell,com.hourwell.app,0.1.0,Google,Pixel 7a,Mobile,True,False,False,posthog-react-native,4.63.9,en-US-u-mu-celsius,Android,17,False,711.1111111111111,320,2026-09-03T09:26:29.879Z,01a06673-7a38-7cf7-991c-6a8e5979a3bd,Europe/Kiev,0,869,synced,0,0,poll,Android,False,2026-09-03 09:26:19.724000+00:00,256687,01a05e0c-9989-7658-8fe7-6bfa12a95f48,,2026-09-03 09:26:30.473000+00:00,propertyless,sync_completed,01a05e0c-9989-7658-8fe7-6bfa12a95f48,4c95ad21-dead-5b16-8980-961468cbcd87,01a05e0c-9989-7658-8fe7-6bfa12a95f48,,posthog-react-native,2026-09-03 09:26:19.724000+00:00
01a06696-4779-7c9b-99d8-971883e89db7,sync_completed,1,Hourwell,com.hourwell.app,0.1.0,Google,Pixel 7a,Mobile,True,False,False,posthog-react-native,4.63.9,en-US-u-mu-celsius,Android,17,False,711.1111111111111,320,2026-09-03T09:25:29.872Z,01a06673-7a38-7cf7-991c-6a8e5979a3bd,Europe/Kiev,0,877,synced,0,0,poll,Android,False,2026-09-03 09:25:19.764000+00:00,256687,01a05e0c-9989-7658-8fe7-6bfa12a95f48,,2026-09-03 09:25:30.042000+00:00,propertyless,sync_completed,01a05e0c-9989-7658-8fe7-6bfa12a95f48,4c95ad21-dead-5b16-8980-961468cbcd87,01a05e0c-9989-7658-8fe7-6bfa12a95f48,,posthog-react-native,2026-09-03 09:25:19.764000+00:00
01a06695-5c76-79ed-b26f-759f9cbcdbd0,sync_completed,1,Hourwell,com.hourwell.app,0.1.0,Google,Pixel 7a,Mobile,True,False,False,posthog-react-native,4.63.9,en-US-u-mu-celsius,Android,17,False,711.1111111111111,320,2026-09-03T09:24:29.714Z,01a06673-7a38-7cf7-991c-6a8e5979a3bd,Europe/Kiev,0,725,synced,0,0,poll,Android,False,2026-09-03 09:24:19.561000+00:00,256687,01a05e0c-9989-7658-8fe7-6bfa12a95f48,,2026-09-03 09:24:30.365000+00:00,propertyless,sync_completed,01a05e0c-9989-7658-8fe7-6bfa12a95f48,4c95ad21-dead-5b16-8980-961468cbcd87,01a05e0c-9989-7658-8fe7-6bfa12a95f48,,posthog-react-native,2026-09-03 09:24:19.561000+00:00
01a06694-72d6-7748-bb7b-358c9da583a6,sync_completed,1,Hourwell,com.hourwell.app,0.1.0,Google,Pixel 7a,Mobile,True,False,False,posthog-react-native,4.63.9,en-US-u-mu-celsius,Android,17,False,711.1111111111111,320,2026-09-03T09:23:29.912Z,01a06673-7a38-7cf7-991c-6a8e5979a3bd,Europe/Kiev,0,914,synced,0,0,poll,Android,False,2026-09-03 09:23:19.740000+00:00,256687,01a05e0c-9989-7658-8fe7-6bfa12a95f48,,2026-09-03 09:23:30.882000+00:00,propertyless,sync_completed,01a05e0c-9989-7658-8fe7-6bfa12a95f48,4c95ad21-dead-5b16-8980-961468cbcd87,01a05e0c-9989-7658-8fe7-6bfa12a95f48,,posthog-react-native,2026-09-03 09:23:19.740000+00:00
01a06693-89fe-7f3c-a054-3de16f844a6f,sync_completed,1,Hourwell,com.hourwell.app,0.1.0,Google,Pixel 7a,Mobile,True,False,False,posthog-react-native,4.63.9,en-US-u-mu-celsius,Android,17,False,711.1111111111111,320,2026-09-03T09:22:30.299Z,01a06673-7a38-7cf7-991c-6a8e5979a3bd,Europe/Kiev,0,1313,synced,0,0,poll,Android,False,2026-09-03 09:22:20.122000+00:00,256687,01a05e0c-9989-7658-8fe7-6bfa12a95f48,,2026-09-03 09:22:30.835000+00:00,propertyless,sync_completed,01a05e0c-9989-7658-8fe7-6bfa12a95f48,4c95ad21-dead-5b16-8980-961468cbcd87,01a05e0c-9989-7658-8fe7-6bfa12a95f48,,posthog-react-native,2026-09-03 09:22:20.122000+00:00
01a06692-9d97-7d20-a58a-7cb2a267bdbc,sync_completed,1,Hourwell,com.hourwell.app,0.1.0,Google,Pixel 7a,Mobile,True,False,False,posthog-react-native,4.63.9,en-US-u-mu-celsius,Android,17,False,711.1111111111111,320,2026-09-03T09:21:29.785Z,01a06673-7a38-7cf7-991c-6a8e5979a3bd,Europe/Kiev,0,815,synced,0,0,poll,Android,False,2026-09-03 09:21:19.620000+00:00,256687,01a05e0c-9989-7658-8fe7-6bfa12a95f48,,2026-09-03 09:21:30.165000+00:00,propertyless,sync_completed,01a05e0c-9989-7658-8fe7-6bfa12a95f48,4c95ad21-dead-5b16-8980-961468cbcd87,01a05e0c-9989-7658-8fe7-6bfa12a95f48,,posthog-react-native,2026-09-03 09:21:19.620000+00:00
01a06691-b330-769a-9c04-3ac2bc476abf,sync_completed,1,Hourwell,com.hourwell.app,0.1.0,Google,Pixel 7a,Mobile,True,False,False,posthog-react-native,4.63.9,en-US-u-mu-celsius,Android,17,False,711.1111111111111,320,2026-09-03T09:20:29.774Z,01a06673-7a38-7cf7-991c-6a8e5979a3bd,Europe/Kiev,0,777,synced,0,0,poll,Android,False,2026-09-03 09:20:19.670000+00:00,256687,01a05e0c-9989-7658-8fe7-6bfa12a95f48,,2026-09-03 09:20:45.940000+00:00,propertyless,sync_completed,01a05e0c-9989-7658-8fe7-6bfa12a95f48,4c95ad21-dead-5b16-8980-961468cbcd87,01a05e0c-9989-7658-8fe7-6bfa12a95f48,,posthog-react-native,2026-09-03 09:20:19.670000+00:00
01a06690-c936-7641-beac-69aa1da42b0e,sync_completed,1,Hourwell,com.hourwell.app,0.1.0,Google,Pixel 7a,Mobile,True,False,False,posthog-react-native,4.63.9,en-US-u-mu-celsius,Android,17,False,711.1111111111111,320,2026-09-03T09:19:29.88Z,01a06673-7a38-7cf7-991c-6a8e5979a3bd,Europe/Kiev,0,915,synced,0,0,poll,Android,False,2026-09-03 09:19:19.693000+00:00,256687,01a05e0c-9989-7658-8fe7-6bfa12a95f48,,2026-09-03 09:20:08.368000+00:00,propertyless,sync_completed,01a05e0c-9989-7658-8fe7-6bfa12a95f48,4c95ad21-dead-5b16-8980-961468cbcd87,01a05e0c-9989-7658-8fe7-6bfa12a95f48,,posthog-react-native,2026-09-03 09:19:19.693000+00:00
01a0668f-ddae-7163-abe3-1e8acf81c90b,sync_completed,1,Hourwell,com.hourwell.app,0.1.0,Google,Pixel 7a,Mobile,True,False,False,posthog-react-native,4.63.9,en-US-u-mu-celsius,Android,17,False,711.1111111111111,320,2026-09-03T09:18:29.574Z,01a06673-7a38-7cf7-991c-6a8e5979a3bd,Europe/Kiev,0,637,synced,0,0,poll,Android,False,2026-09-03 09:18:19.494000+00:00,256687,01a05e0c-9989-7658-8fe7-6bfa12a95f48,,2026-09-03 09:18:30.054000+00:00,propertyless,sync_completed,01a05e0c-9989-7658-8fe7-6bfa12a95f48,4c95ad21-dead-5b16-8980-961468cbcd87,01a05e0c-9989-7658-8fe7-6bfa12a95f48,,posthog-react-native,2026-09-03 09:18:19.494000+00:00
01a0668e-f519-728a-8e98-a9da89404672,sync_completed,1,Hourwell,com.hourwell.app,0.1.0,Google,Pixel 7a,Mobile,True,False,False,posthog-react-native,4.63.9,en-US-u-mu-celsius,Android,17,False,711.1111111111111,320,2026-09-03T09:17:30.039Z,01a06673-7a38-7cf7-991c-6a8e5979a3bd,Europe/Kiev,0,1088,synced,0,0,poll,Android,False,2026-09-03 09:17:19.868000+00:00,256687,01a05e0c-9989-7658-8fe7-6bfa12a95f48,,2026-09-03 09:17:30.367000+00:00,propertyless,sync_completed,01a05e0c-9989-7658-8fe7-6bfa12a95f48,4c95ad21-dead-5b16-8980-961468cbcd87,01a05e0c-9989-7658-8fe7-6bfa12a95f48,,posthog-react-native,2026-09-03 09:17:19.868000+00:00
01a0668e-092b-74cb-a0fb-91939b860f4d,sync_completed,1,Hourwell,com.hourwell.app,0.1.0,Google,Pixel 7a,Mobile,True,False,False,posthog-react-native,4.63.9,en-US-u-mu-celsius,Android,17,False,711.1111111111111,320,2026-09-03T09:16:29.638Z,01a06673-7a38-7cf7-991c-6a8e5979a3bd,Europe/Kiev,0,701,synced,0,0,poll,Android,False,2026-09-03 09:16:19.532000+00:00,256687,01a05e0c-9989-7658-8fe7-6bfa12a95f48,,2026-09-03 09:16:30.504000+00:00,propertyless,sync_completed,01a05e0c-9989-7658-8fe7-6bfa12a95f48,4c95ad21-dead-5b16-8980-961468cbcd87,01a05e0c-9989-7658-8fe7-6bfa12a95f48,,posthog-react-native,2026-09-03 09:16:19.532000+00:00
01a0668d-1e6b-750c-8416-560cb0f2059c,sync_completed,1,Hourwell,com.hourwell.app,0.1.0,Google,Pixel 7a,Mobile,True,False,False,posthog-react-native,4.63.9,en-US-u-mu-celsius,Android,17,False,711.1111111111111,320,2026-09-03T09:15:29.544Z,01a06673-7a38-7cf7-991c-6a8e5979a3bd,Europe/Kiev,0,620,synced,0,0,poll,Android,False,2026-09-03 09:15:19.373000+00:00,256687,01a05e0c-9989-7658-8fe7-6bfa12a95f48,,2026-09-03 09:15:30.722000+00:00,propertyless,sync_completed,01a05e0c-9989-7658-8fe7-6bfa12a95f48,4c95ad21-dead-5b16-8980-961468cbcd87,01a05e0c-9989-7658-8fe7-6bfa12a95f48,,posthog-react-native,2026-09-03 09:15:19.373000+00:00
01a0668c-3400-75f7-b972-41cc64e33cfe,sync_completed,1,Hourwell,com.hourwell.app,0.1.0,Google,Pixel 7a,Mobile,True,False,False,posthog-react-native,4.63.9,en-US-u-mu-celsius,Android,17,False,711.1111111111111,320,2026-09-03T09:14:29.536Z,01a06673-7a38-7cf7-991c-6a8e5979a3bd,Europe/Kiev,0,622,synced,0,0,poll,Android,False,2026-09-03 09:14:19.357000+00:00,256687,01a05e0c-9989-7658-8fe7-6bfa12a95f48,,2026-09-03 09:14:30.415000+00:00,propertyless,sync_completed,01a05e0c-9989-7658-8fe7-6bfa12a95f48,4c95ad21-dead-5b16-8980-961468cbcd87,01a05e0c-9989-7658-8fe7-6bfa12a95f48,,posthog-react-native,2026-09-03 09:14:19.357000+00:00
01a0668b-4acb-7f35-91e8-df2f3ea50f78,sync_completed,1,Hourwell,com.hourwell.app,0.1.0,Google,Pixel 7a,Mobile,True,False,False,posthog-react-native,4.63.9,en-US-u-mu-celsius,Android,17,False,711.1111111111111,320,2026-09-03T09:13:29.834Z,01a06673-7a38-7cf7-991c-6a8e5979a3bd,Europe/Kiev,0,904,synced,0,0,poll,Android,False,2026-09-03 09:13:19.688000+00:00,256687,01a05e0c-9989-7658-8fe7-6bfa12a95f48,,2026-09-03 09:13:30.782000+00:00,propertyless,sync_completed,01a05e0c-9989-7658-8fe7-6bfa12a95f48,4c95ad21-dead-5b16-8980-961468cbcd87,01a05e0c-9989-7658-8fe7-6bfa12a95f48,,posthog-react-native,2026-09-03 09:13:19.688000+00:00
01a0668a-5ff3-7f3f-b6ab-9b8ac90e7def,sync_completed,1,Hourwell,com.hourwell.app,0.1.0,Google,Pixel 7a,Mobile,True,False,False,posthog-react-native,4.63.9,en-US-u-mu-celsius,Android,17,False,711.1111111111111,320,2026-09-03T09:12:29.712Z,01a06673-7a38-7cf7-991c-6a8e5979a3bd,Europe/Kiev,0,777,synced,0,0,poll,Android,False,2026-09-03 09:12:19.560000+00:00,256687,01a05e0c-9989-7658-8fe7-6bfa12a95f48,,2026-09-03 09:12:30.506000+00:00,propertyless,sync_completed,01a05e0c-9989-7658-8fe7-6bfa12a95f48,4c95ad21-dead-5b16-8980-961468cbcd87,01a05e0c-9989-7658-8fe7-6bfa12a95f48,,posthog-react-native,2026-09-03 09:12:19.560000+00:00
01a06689-764b-71fd-a814-1f06fe438674,sync_completed,1,Hourwell,com.hourwell.app,0.1.0,Google,Pixel 7a,Mobile,True,False,False,posthog-react-native,4.63.9,en-US-u-mu-celsius,Android,17,False,711.1111111111111,320,2026-09-03T09:11:29.898Z,01a06673-7a38-7cf7-991c-6a8e5979a3bd,Europe/Kiev,0,986,synced,0,0,poll,Android,False,2026-09-03 09:11:19.734000+00:00,256687,01a05e0c-9989-7658-8fe7-6bfa12a95f48,,2026-09-03 09:11:30.383000+00:00,propertyless,sync_completed,01a05e0c-9989-7658-8fe7-6bfa12a95f48,4c95ad21-dead-5b16-8980-961468cbcd87,01a05e0c-9989-7658-8fe7-6bfa12a95f48,,posthog-react-native,2026-09-03 09:11:19.734000+00:00
01a06688-8a54-7702-8337-158aad84bfaf,sync_completed,1,Hourwell,com.hourwell.app,0.1.0,Google,Pixel 7a,Mobile,True,False,False,posthog-react-native,4.63.9,en-US-u-mu-celsius,Android,17,False,711.1111111111111,320,2026-09-03T09:10:29.487Z,01a06673-7a38-7cf7-991c-6a8e5979a3bd,Europe/Kiev,0,604,synced,0,0,poll,Android,False,2026-09-03 09:10:19.352000+00:00,256687,01a05e0c-9989-7658-8fe7-6bfa12a95f48,,2026-09-03 09:10:30.361000+00:00,propertyless,sync_completed,01a05e0c-9989-7658-8fe7-6bfa12a95f48,4c95ad21-dead-5b16-8980-961468cbcd87,01a05e0c-9989-7658-8fe7-6bfa12a95f48,,posthog-react-native,2026-09-03 09:10:19.352000+00:00
01a06687-a19b-7800-a110-35f813ff002a,sync_completed,1,Hourwell,com.hourwell.app,0.1.0,Google,Pixel 7a,Mobile,True,False,False,posthog-react-native,4.63.9,en-US-u-mu-celsius,Android,17,False,711.1111111111111,320,2026-09-03T09:09:29.907Z,01a06673-7a38-7cf7-991c-6a8e5979a3bd,Europe/Kiev,0,983,synced,0,0,poll,Android,False,2026-09-03 09:09:19.768000+00:00,256687,01a05e0c-9989-7658-8fe7-6bfa12a95f48,,2026-09-03 09:09:30.395000+00:00,propertyless,sync_completed,01a05e0c-9989-7658-8fe7-6bfa12a95f48,4c95ad21-dead-5b16-8980-961468cbcd87,01a05e0c-9989-7658-8fe7-6bfa12a95f48,,posthog-react-native,2026-09-03 09:09:19.768000+00:00
01a06686-b64b-7fdc-af67-0d12b9a92f04,sync_completed,1,Hourwell,com.hourwell.app,0.1.0,Google,Pixel 7a,Mobile,True,False,False,posthog-react-native,4.63.9,en-US-u-mu-celsius,Android,17,False,711.1111111111111,320,2026-09-03T09:08:29.671Z,01a06673-7a38-7cf7-991c-6a8e5979a3bd,Europe/Kiev,0,770,synced,0,0,poll,Android,False,2026-09-03 09:08:19.520000+00:00,256687,01a05e0c-9989-7658-8fe7-6bfa12a95f48,,2026-09-03 09:08:30.103000+00:00,propertyless,sync_completed,01a05e0c-9989-7658-8fe7-6bfa12a95f48,4c95ad21-dead-5b16-8980-961468cbcd87,01a05e0c-9989-7658-8fe7-6bfa12a95f48,,posthog-react-native,2026-09-03 09:08:19.520000+00:00
01a06685-ccf4-7bbf-9d3b-2159f66e55f6,sync_completed,1,Hourwell,com.hourwell.app,0.1.0,Google,Pixel 7a,Mobile,True,False,False,posthog-react-native,4.63.9,en-US-u-mu-celsius,Android,17,False,711.1111111111111,320,2026-09-03T09:07:29.939Z,01a06673-7a38-7cf7-991c-6a8e5979a3bd,Europe/Kiev,0,1017,synced,0,0,poll,Android,False,2026-09-03 09:07:19.780000+00:00,256687,01a05e0c-9989-7658-8fe7-6bfa12a95f48,,2026-09-03 09:07:30.369000+00:00,propertyless,sync_completed,01a05e0c-9989-7658-8fe7-6bfa12a95f48,4c95ad21-dead-5b16-8980-961468cbcd87,01a05e0c-9989-7658-8fe7-6bfa12a95f48,,posthog-react-native,2026-09-03 09:07:19.780000+00:00
01a06684-e126-7790-bf33-a2f880b10488,sync_completed,1,Hourwell,com.hourwell.app,0.1.0,Google,Pixel 7a,Mobile,True,False,False,posthog-react-native,4.63.9,en-US-u-mu-celsius,Android,17,False,711.1111111111111,320,2026-09-03T09:06:29.571Z,01a06673-7a38-7cf7-991c-6a8e5979a3bd,Europe/Kiev,0,678,synced,0,0,poll,Android,False,2026-09-03 09:06:19.426000+00:00,256687,01a05e0c-9989-7658-8fe7-6bfa12a95f48,,2026-09-03 09:06:30.228000+00:00,propertyless,sync_completed,01a05e0c-9989-7658-8fe7-6bfa12a95f48,4c95ad21-dead-5b16-8980-961468cbcd87,01a05e0c-9989-7658-8fe7-6bfa12a95f48,,posthog-react-native,2026-09-03 09:06:19.426000+00:00
01a06683-f788-70dd-801e-6013141556c8,sync_completed,1,Hourwell,com.hourwell.app,0.1.0,Google,Pixel 7a,Mobile,True,False,False,posthog-react-native,4.63.9,en-US-u-mu-celsius,Android,17,False,711.1111111111111,320,2026-09-03T09:05:29.76Z,01a06673-7a38-7cf7-991c-6a8e5979a3bd,Europe/Kiev,0,864,synced,0,0,poll,Android,False,2026-09-03 09:05:19.619000+00:00,256687,01a05e0c-9989-7658-8fe7-6bfa12a95f48,,2026-09-03 09:05:30.337000+00:00,propertyless,sync_completed,01a05e0c-9989-7658-8fe7-6bfa12a95f48,4c95ad21-dead-5b16-8980-961468cbcd87,01a05e0c-9989-7658-8fe7-6bfa12a95f48,,posthog-react-native,2026-09-03 09:05:19.619000+00:00
01a06683-0e64-7fd7-82c6-c9580a80f7f7,sync_completed,1,Hourwell,com.hourwell.app,0.1.0,Google,Pixel 7a,Mobile,True,False,False,posthog-react-native,4.63.9,en-US-u-mu-celsius,Android,17,False,711.1111111111111,320,2026-09-03T09:04:30.074Z,01a06673-7a38-7cf7-991c-6a8e5979a3bd,Europe/Kiev,0,1192,synced,0,0,poll,Android,False,2026-09-03 09:04:20.066000+00:00,256687,01a05e0c-9989-7658-8fe7-6bfa12a95f48,,2026-09-03 09:04:30.593000+00:00,propertyless,sync_completed,01a05e0c-9989-7658-8fe7-6bfa12a95f48,4c95ad21-dead-5b16-8980-961468cbcd87,01a05e0c-9989-7658-8fe7-6bfa12a95f48,,posthog-react-native,2026-09-03 09:04:20.066000+00:00
01a06682-243a-73ed-bcea-6ff848fd99fc,sync_completed,1,Hourwell,com.hourwell.app,0.1.0,Google,Pixel 7a,Mobile,True,False,False,posthog-react-native,4.63.9,en-US-u-mu-celsius,Android,17,False,711.1111111111111,320,2026-09-03T09:03:30.136Z,01a06673-7a38-7cf7-991c-6a8e5979a3bd,Europe/Kiev,0,1251,synced,0,0,poll,Android,False,2026-09-03 09:03:20.048000+00:00,256687,01a05e0c-9989-7658-8fe7-6bfa12a95f48,,2026-09-03 09:03:31.420000+00:00,propertyless,sync_completed,01a05e0c-9989-7658-8fe7-6bfa12a95f48,4c95ad21-dead-5b16-8980-961468cbcd87,01a05e0c-9989-7658-8fe7-6bfa12a95f48,,posthog-react-native,2026-09-03 09:03:20.048000+00:00
01a06681-38a4-732b-9845-ba19ae0f8a65,sync_completed,1,Hourwell,com.hourwell.app,0.1.0,Google,Pixel 7a,Mobile,True,False,False,posthog-react-native,4.63.9,en-US-u-mu-celsius,Android,17,False,711.1111111111111,320,2026-09-03T09:02:29.831Z,01a06673-7a38-7cf7-991c-6a8e5979a3bd,Europe/Kiev,0,932,synced,0,0,poll,Android,False,2026-09-03 09:02:19.699000+00:00,256687,01a05e0c-9989-7658-8fe7-6bfa12a95f48,,2026-09-03 09:02:31.284000+00:00,propertyless,sync_completed,01a05e0c-9989-7658-8fe7-6bfa12a95f48,4c95ad21-dead-5b16-8980-961468cbcd87,01a05e0c-9989-7658-8fe7-6bfa12a95f48,,posthog-react-native,2026-09-03 09:02:19.699000+00:00
01a06680-4d80-739d-b431-0bffd2fd1ca2,sync_completed,1,Hourwell,com.hourwell.app,0.1.0,Google,Pixel 7a,Mobile,True,False,False,posthog-react-native,4.63.9,en-US-u-mu-celsius,Android,17,False,711.1111111111111,320,2026-09-03T09:01:29.63Z,01a06673-7a38-7cf7-991c-6a8e5979a3bd,Europe/Kiev,0,774,synced,0,0,poll,Android,False,2026-09-03 09:01:19.533000+00:00,256687,01a05e0c-9989-7658-8fe7-6bfa12a95f48,,2026-09-03 09:01:29.887000+00:00,propertyless,sync_completed,01a05e0c-9989-7658-8fe7-6bfa12a95f48,4c95ad21-dead-5b16-8980-961468cbcd87,01a05e0c-9989-7658-8fe7-6bfa12a95f48,,posthog-react-native,2026-09-03 09:01:19.533000+00:00
01a0667f-63ce-74ae-8112-253c32f011fa,sync_completed,1,Hourwell,com.hourwell.app,0.1.0,Google,Pixel 7a,Mobile,True,False,False,posthog-react-native,4.63.9,en-US-u-mu-celsius,Android,17,False,711.1111111111111,320,2026-09-03T09:00:29.803Z,01a06673-7a38-7cf7-991c-6a8e5979a3bd,Europe/Kiev,0,945,synced,0,0,poll,Android,False,2026-09-03 09:00:19.667000+00:00,256687,01a05e0c-9989-7658-8fe7-6bfa12a95f48,,2026-09-03 09:00:30.439000+00:00,propertyless,sync_completed,01a05e0c-9989-7658-8fe7-6bfa12a95f48,4c95ad21-dead-5b16-8980-961468cbcd87,01a05e0c-9989-7658-8fe7-6bfa12a95f48,,posthog-react-native,2026-09-03 09:00:19.667000+00:00
01a0667e-79bf-7ca5-847f-153a4afbca35,sync_completed,1,Hourwell,com.hourwell.app,0.1.0,Google,Pixel 7a,Mobile,True,False,False,posthog-react-native,4.63.9,en-US-u-mu-celsius,Android,17,False,711.1111111111111,320,2026-09-03T08:59:29.902Z,01a06673-7a38-7cf7-991c-6a8e5979a3bd,Europe/Kiev,0,1021,synced,0,0,poll,Android,False,2026-09-03 08:59:19.759000+00:00,256687,01a05e0c-9989-7658-8fe7-6bfa12a95f48,,2026-09-03 08:59:29.903000+00:00,propertyless,sync_completed,01a05e0c-9989-7658-8fe7-6bfa12a95f48,4c95ad21-dead-5b16-8980-961468cbcd87,01a05e0c-9989-7658-8fe7-6bfa12a95f48,,posthog-react-native,2026-09-03 08:59:19.759000+00:00
01a0667d-8f00-7661-b751-e3546058377d,sync_completed,1,Hourwell,com.hourwell.app,0.1.0,Google,Pixel 7a,Mobile,True,False,False,posthog-react-native,4.63.9,en-US-u-mu-celsius,Android,17,False,711.1111111111111,320,2026-09-03T08:58:29.793Z,01a06673-7a38-7cf7-991c-6a8e5979a3bd,Europe/Kiev,0,927,synced,0,0,poll,Android,False,2026-09-03 08:58:19.654000+00:00,256687,01a05e0c-9989-7658-8fe7-6bfa12a95f48,,2026-09-03 08:58:29.974000+00:00,propertyless,sync_completed,01a05e0c-9989-7658-8fe7-6bfa12a95f48,4c95ad21-dead-5b16-8980-961468cbcd87,01a05e0c-9989-7658-8fe7-6bfa12a95f48,,posthog-react-native,2026-09-03 08:58:19.654000+00:00
01a0667c-a5a0-7fa7-97b2-6d7587676f10,sync_completed,1,Hourwell,com.hourwell.app,0.1.0,Google,Pixel 7a,Mobile,True,False,False,posthog-react-native,4.63.9,en-US-u-mu-celsius,Android,17,False,711.1111111111111,320,2026-09-03T08:57:30.045Z,01a06673-7a38-7cf7-991c-6a8e5979a3bd,Europe/Kiev,0,1202,synced,0,0,poll,Android,False,2026-09-03 08:57:19.894000+00:00,256687,01a05e0c-9989-7658-8fe7-6bfa12a95f48,,2026-09-03 08:57:30.445000+00:00,propertyless,sync_completed,01a05e0c-9989-7658-8fe7-6bfa12a95f48,4c95ad21-dead-5b16-8980-961468cbcd87,01a05e0c-9989-7658-8fe7-6bfa12a95f48,,posthog-react-native,2026-09-03 08:57:19.894000+00:00
01a0667b-b9ba-7d44-9dac-4097997772bc,sync_completed,1,Hourwell,com.hourwell.app,0.1.0,Google,Pixel 7a,Mobile,True,False,False,posthog-react-native,4.63.9,en-US-u-mu-celsius,Android,17,False,711.1111111111111,320,2026-09-03T08:56:29.658Z,01a06673-7a38-7cf7-991c-6a8e5979a3bd,Europe/Kiev,0,857,synced,0,0,poll,Android,False,2026-09-03 08:56:19.584000+00:00,256687,01a05e0c-9989-7658-8fe7-6bfa12a95f48,,2026-09-03 08:56:30.054000+00:00,propertyless,sync_completed,01a05e0c-9989-7658-8fe7-6bfa12a95f48,4c95ad21-dead-5b16-8980-961468cbcd87,01a05e0c-9989-7658-8fe7-6bfa12a95f48,,posthog-react-native,2026-09-03 08:56:19.584000+00:00
01a0667a-d015-7a35-bead-0044ed282504,sync_completed,1,Hourwell,com.hourwell.app,0.1.0,Google,Pixel 7a,Mobile,True,False,False,posthog-react-native,4.63.9,en-US-u-mu-celsius,Android,17,False,711.1111111111111,320,2026-09-03T08:55:29.84Z,01a06673-7a38-7cf7-991c-6a8e5979a3bd,Europe/Kiev,0,1020,synced,0,0,poll,Android,False,2026-09-03 08:55:19.781000+00:00,256687,01a05e0c-9989-7658-8fe7-6bfa12a95f48,,2026-09-03 08:55:30.631000+00:00,propertyless,sync_completed,01a05e0c-9989-7658-8fe7-6bfa12a95f48,4c95ad21-dead-5b16-8980-961468cbcd87,01a05e0c-9989-7658-8fe7-6bfa12a95f48,,posthog-react-native,2026-09-03 08:55:19.781000+00:00
01a06679-e55b-7492-8013-9337a21d8708,sync_completed,1,Hourwell,com.hourwell.app,0.1.0,Google,Pixel 7a,Mobile,True,False,False,posthog-react-native,4.63.9,en-US-u-mu-celsius,Android,17,False,711.1111111111111,320,2026-09-03T08:54:29.755Z,01a06673-7a38-7cf7-991c-6a8e5979a3bd,Europe/Kiev,0,962,synced,0,0,poll,Android,False,2026-09-03 08:54:19.678000+00:00,256687,01a05e0c-9989-7658-8fe7-6bfa12a95f48,,2026-09-03 08:54:30.284000+00:00,propertyless,sync_completed,01a05e0c-9989-7658-8fe7-6bfa12a95f48,4c95ad21-dead-5b16-8980-961468cbcd87,01a05e0c-9989-7658-8fe7-6bfa12a95f48,,posthog-react-native,2026-09-03 08:54:19.678000+00:00
01a06678-fd36-7786-b5cb-457ca4d7c709,sync_completed,1,Hourwell,com.hourwell.app,0.1.0,Google,Pixel 7a,Mobile,True,False,False,posthog-react-native,4.63.9,en-US-u-mu-celsius,Android,17,False,711.1111111111111,320,2026-09-03T08:53:30.314Z,01a06673-7a38-7cf7-991c-6a8e5979a3bd,Europe/Kiev,0,1538,synced,0,0,poll,Android,False,2026-09-03 08:53:20.291000+00:00,256687,01a05e0c-9989-7658-8fe7-6bfa12a95f48,,2026-09-03 08:53:30.497000+00:00,propertyless,sync_completed,01a05e0c-9989-7658-8fe7-6bfa12a95f48,4c95ad21-dead-5b16-8980-961468cbcd87,01a05e0c-9989-7658-8fe7-6bfa12a95f48,,posthog-react-native,2026-09-03 08:53:20.291000+00:00
01a06678-1012-7b15-991e-ab695751b72a,sync_completed,1,Hourwell,com.hourwell.app,0.1.0,Google,Pixel 7a,Mobile,True,False,False,posthog-react-native,4.63.9,en-US-u-mu-celsius,Android,17,False,711.1111111111111,320,2026-09-03T08:52:29.619Z,01a06673-7a38-7cf7-991c-6a8e5979a3bd,Europe/Kiev,0,829,synced,0,0,poll,Android,False,2026-09-03 08:52:19.496000+00:00,256687,01a05e0c-9989-7658-8fe7-6bfa12a95f48,,2026-09-03 08:52:30.247000+00:00,propertyless,sync_completed,01a05e0c-9989-7658-8fe7-6bfa12a95f48,4c95ad21-dead-5b16-8980-961468cbcd87,01a05e0c-9989-7658-8fe7-6bfa12a95f48,,posthog-react-native,2026-09-03 08:52:19.496000+00:00
01a06677-25c5-7032-b4c2-31d41d07da6b,sync_completed,1,Hourwell,com.hourwell.app,0.1.0,Google,Pixel 7a,Mobile,True,False,False,posthog-react-native,4.63.9,en-US-u-mu-celsius,Android,17,False,711.1111111111111,320,2026-09-03T08:51:29.638Z,01a06673-7a38-7cf7-991c-6a8e5979a3bd,Europe/Kiev,0,841,synced,0,0,poll,Android,False,2026-09-03 08:51:19.564000+00:00,256687,01a05e0c-9989-7658-8fe7-6bfa12a95f48,,2026-09-03 08:51:30.275000+00:00,propertyless,sync_completed,01a05e0c-9989-7658-8fe7-6bfa12a95f48,4c95ad21-dead-5b16-8980-961468cbcd87,01a05e0c-9989-7658-8fe7-6bfa12a95f48,,posthog-react-native,2026-09-03 08:51:19.564000+00:00
01a06676-3c4b-7795-9cea-eca38a17d6aa,sync_completed,1,Hourwell,com.hourwell.app,0.1.0,Google,Pixel 7a,Mobile,True,False,False,posthog-react-native,4.63.9,en-US-u-mu-celsius,Android,17,False,711.1111111111111,320,2026-09-03T08:50:29.867Z,01a06673-7a38-7cf7-991c-6a8e5979a3bd,Europe/Kiev,0,988,synced,0,0,poll,Android,False,2026-09-03 08:50:19.743000+00:00,256687,01a05e0c-9989-7658-8fe7-6bfa12a95f48,,2026-09-03 08:50:30.357000+00:00,propertyless,sync_completed,01a05e0c-9989-7658-8fe7-6bfa12a95f48,4c95ad21-dead-5b16-8980-961468cbcd87,01a05e0c-9989-7658-8fe7-6bfa12a95f48,,posthog-react-native,2026-09-03 08:50:19.743000+00:00
01a06675-50e2-7ec7-9d85-6a46b7979e1f,sync_completed,1,Hourwell,com.hourwell.app,0.1.0,Google,Pixel 7a,Mobile,True,False,False,posthog-react-native,4.63.9,en-US-u-mu-celsius,Android,17,False,711.1111111111111,320,2026-09-03T08:49:29.596Z,01a06673-7a38-7cf7-991c-6a8e5979a3bd,Europe/Kiev,0,847,synced,0,0,poll,Android,False,2026-09-03 08:49:19.538000+00:00,256687,01a05e0c-9989-7658-8fe7-6bfa12a95f48,,2026-09-03 08:49:29.777000+00:00,propertyless,sync_completed,01a05e0c-9989-7658-8fe7-6bfa12a95f48,4c95ad21-dead-5b16-8980-961468cbcd87,01a05e0c-9989-7658-8fe7-6bfa12a95f48,,posthog-react-native,2026-09-03 08:49:19.538000+00:00
01a06674-6644-7572-88ef-f3cb05ed80d5,sync_completed,1,Hourwell,com.hourwell.app,0.1.0,Google,Pixel 7a,Mobile,True,False,False,posthog-react-native,4.63.9,en-US-u-mu-celsius,Android,17,False,711.1111111111111,320,2026-09-03T08:48:29.536Z,01a06673-7a38-7cf7-991c-6a8e5979a3bd,Europe/Kiev,0,756,synced,0,0,poll,Android,False,2026-09-03 08:48:19.470000+00:00,256687,01a05e0c-9989-7658-8fe7-6bfa12a95f48,,2026-09-03 08:48:30.223000+00:00,propertyless,sync_completed,01a05e0c-9989-7658-8fe7-6bfa12a95f48,4c95ad21-dead-5b16-8980-961468cbcd87,01a05e0c-9989-7658-8fe7-6bfa12a95f48,,posthog-react-native,2026-09-03 08:48:19.470000+00:00
01a06673-8114-7a00-ae34-2909557941ea,sync_completed,1,Hourwell,com.hourwell.app,0.1.0,Google,Pixel 7a,Mobile,True,False,False,posthog-react-native,4.63.9,en-US-u-mu-celsius,Android,17,False,711.1111111111111,320,2026-09-03T08:47:29.117Z,01a06673-7a38-7cf7-991c-6a8e5979a3bd,Europe/Kiev,0,633,synced,0,0,foreground,Android,False,2026-09-03 08:47:21.072000+00:00,256687,01a05e0c-9989-7658-8fe7-6bfa12a95f48,,2026-09-03 08:47:30.361000+00:00,propertyless,sync_completed,01a05e0c-9989-7658-8fe7-6bfa12a95f48,4c95ad21-dead-5b16-8980-961468cbcd87,01a05e0c-9989-7658-8fe7-6bfa12a95f48,,posthog-react-native,2026-09-03 08:47:21.072000+00:00
01a06673-7e94-7fb0-ba6a-003a9d265d13,sync_completed,1,Hourwell,com.hourwell.app,0.1.0,Google,Pixel 7a,Mobile,True,False,False,posthog-react-native,4.63.9,en-US-u-mu-celsius,Android,17,False,711.1111111111111,320,2026-09-03T08:47:29.117Z,01a06673-7a38-7cf7-991c-6a8e5979a3bd,Europe/Kiev,0,1439,synced,0,0,foreground,Android,False,2026-09-03 08:47:20.432000+00:00,256687,01a05e0c-9989-7658-8fe7-6bfa12a95f48,,2026-09-03 08:47:30.328000+00:00,propertyless,sync_completed,01a05e0c-9989-7658-8fe7-6bfa12a95f48,4c95ad21-dead-5b16-8980-961468cbcd87,01a05e0c-9989-7658-8fe7-6bfa12a95f48,,posthog-react-native,2026-09-03 08:47:20.432000+00:00
01a06672-b945-7fe1-822d-27585a1efd59,sync_completed,1,Hourwell,com.hourwell.app,0.1.0,Google,Pixel 7a,Mobile,True,False,False,posthog-react-native,4.63.9,en-US-u-mu-celsius,Android,17,False,914.2857142857144,411.42857142857144,2026-09-03T08:46:39.714Z,01a06631-b4fb-74ed-a9a4-279c890aee3b,Europe/Kiev,0,736,synced,0,0,poll,Android,False,2026-09-03 08:46:29.641000+00:00,256687,01a05e0c-9989-7658-8fe7-6bfa12a95f48,,2026-09-03 08:46:40.860000+00:00,propertyless,sync_completed,01a05e0c-9989-7658-8fe7-6bfa12a95f48,4c95ad21-dead-5b16-8980-961468cbcd87,01a05e0c-9989-7658-8fe7-6bfa12a95f48,,posthog-react-native,2026-09-03 08:46:29.641000+00:00
01a06671-cfaa-7575-80bc-68caf1ec8021,sync_completed,1,Hourwell,com.hourwell.app,0.1.0,Google,Pixel 7a,Mobile,True,False,False,posthog-react-native,4.63.9,en-US-u-mu-celsius,Android,17,False,914.2857142857144,411.42857142857144,2026-09-03T08:45:39.906Z,01a06631-b4fb-74ed-a9a4-279c890aee3b,Europe/Kiev,0,922,synced,0,0,poll,Android,False,2026-09-03 08:45:29.793000+00:00,256687,01a05e0c-9989-7658-8fe7-6bfa12a95f48,,2026-09-03 08:45:39.984000+00:00,propertyless,sync_completed,01a05e0c-9989-7658-8fe7-6bfa12a95f48,4c95ad21-dead-5b16-8980-961468cbcd87,01a05e0c-9989-7658-8fe7-6bfa12a95f48,,posthog-react-native,2026-09-03 08:45:29.793000+00:00
01a06670-e73b-74b0-951f-e6a930c2a20a,sync_completed,1,Hourwell,com.hourwell.app,0.1.0,Google,Pixel 7a,Mobile,True,False,False,posthog-react-native,4.63.9,en-US-u-mu-celsius,Android,17,False,914.2857142857144,411.42857142857144,2026-09-03T08:44:40.409Z,01a06631-b4fb-74ed-a9a4-279c890aee3b,Europe/Kiev,0,1447,synced,0,0,poll,Android,False,2026-09-03 08:44:30.330000+00:00,256687,01a05e0c-9989-7658-8fe7-6bfa12a95f48,,2026-09-03 08:44:40.774000+00:00,propertyless,sync_completed,01a05e0c-9989-7658-8fe7-6bfa12a95f48,4c95ad21-dead-5b16-8980-961468cbcd87,01a05e0c-9989-7658-8fe7-6bfa12a95f48,,posthog-react-native,2026-09-03 08:44:30.330000+00:00
01a0666f-fa74-7c2c-8d7d-3c8332f71ebf,sync_completed,1,Hourwell,com.hourwell.app,0.1.0,Google,Pixel 7a,Mobile,True,False,False,posthog-react-native,4.63.9,en-US-u-mu-celsius,Android,17,False,914.2857142857144,411.42857142857144,2026-09-03T08:43:39.795Z,01a06631-b4fb-74ed-a9a4-279c890aee3b,Europe/Kiev,0,808,synced,0,0,poll,Android,False,2026-09-03 08:43:29.668000+00:00,256687,01a05e0c-9989-7658-8fe7-6bfa12a95f48,,2026-09-03 08:43:39.928000+00:00,propertyless,sync_completed,01a05e0c-9989-7658-8fe7-6bfa12a95f48,4c95ad21-dead-5b16-8980-961468cbcd87,01a05e0c-9989-7658-8fe7-6bfa12a95f48,,posthog-react-native,2026-09-03 08:43:29.668000+00:00
01a0666f-119b-7345-a7de-47359a459147,sync_completed,1,Hourwell,com.hourwell.app,0.1.0,Google,Pixel 7a,Mobile,True,False,False,posthog-react-native,4.63.9,en-US-u-mu-celsius,Android,17,False,914.2857142857144,411.42857142857144,2026-09-03T08:42:40.178Z,01a06631-b4fb-74ed-a9a4-279c890aee3b,Europe/Kiev,0,1235,synced,19,10,poll,Android,False,2026-09-03 08:42:30.132000+00:00,256687,01a05e0c-9989-7658-8fe7-6bfa12a95f48,,2026-09-03 08:42:40.675000+00:00,propertyless,sync_completed,01a05e0c-9989-7658-8fe7-6bfa12a95f48,4c95ad21-dead-5b16-8980-961468cbcd87,01a05e0c-9989-7658-8fe7-6bfa12a95f48,,posthog-react-native,2026-09-03 08:42:30.132000+00:00
01a0666e-6d37-7ac4-967f-1ed12863ffbe,sync_completed,1,Hourwell,com.hourwell.app,0.1.0,Google,Pixel 7a,Mobile,True,False,False,posthog-react-native,4.63.9,en-US-u-mu-celsius,Android,17,False,914.2857142857144,411.42857142857144,2026-09-03T08:41:50.326Z,01a06631-b4fb-74ed-a9a4-279c890aee3b,Europe/Kiev,0,945,synced,27,19,pre_plan,Android,False,2026-09-03 08:41:48.021000+00:00,256687,01a05e0c-9989-7658-8fe7-6bfa12a95f48,,2026-09-03 08:41:50.662000+00:00,propertyless,sync_completed,01a05e0c-9989-7658-8fe7-6bfa12a95f48,4c95ad21-dead-5b16-8980-961468cbcd87,01a05e0c-9989-7658-8fe7-6bfa12a95f48,,posthog-react-native,2026-09-03 08:41:48.021000+00:00
01a0666e-4e8f-7e86-ae2a-1bc46652662e,sync_completed,1,Hourwell,com.hourwell.app,0.1.0,Google,Pixel 7a,Mobile,True,False,False,posthog-react-native,4.63.9,en-US-u-mu-celsius,Android,17,False,914.2857142857144,411.42857142857144,2026-09-03T08:41:50.326Z,01a06631-b4fb-74ed-a9a4-279c890aee3b,Europe/Kiev,0,1190,synced,25,16,pre_plan,Android,False,2026-09-03 08:41:40.173000+00:00,256687,01a05e0c-9989-7658-8fe7-6bfa12a95f48,,2026-09-03 08:41:50.577000+00:00,propertyless,sync_completed,01a05e0c-9989-7658-8fe7-6bfa12a95f48,4c95ad21-dead-5b16-8980-961468cbcd87,01a05e0c-9989-7658-8fe7-6bfa12a95f48,,posthog-react-native,2026-09-03 08:41:40.173000+00:00
01a0666e-26bf-7ddf-8a85-9612dea33bcf,sync_completed,1,Hourwell,com.hourwell.app,0.1.0,Google,Pixel 7a,Mobile,True,False,False,posthog-react-native,4.63.9,en-US-u-mu-celsius,Android,17,False,914.2857142857144,411.42857142857144,2026-09-03T08:41:40.059Z,01a06631-b4fb-74ed-a9a4-279c890aee3b,Europe/Kiev,0,1139,synced,19,11,poll,Android,False,2026-09-03 08:41:29.991000+00:00,256687,01a05e0c-9989-7658-8fe7-6bfa12a95f48,,2026-09-03 08:41:40.667000+00:00,propertyless,sync_completed,01a05e0c-9989-7658-8fe7-6bfa12a95f48,4c95ad21-dead-5b16-8980-961468cbcd87,01a05e0c-9989-7658-8fe7-6bfa12a95f48,,posthog-react-native,2026-09-03 08:41:29.991000+00:00
01a0666e-0ede-7aeb-a30b-d2df2232a8f2,sync_completed,1,Hourwell,com.hourwell.app,0.1.0,Google,Pixel 7a,Mobile,True,False,False,posthog-react-native,4.63.9,en-US-u-mu-celsius,Android,17,False,914.2857142857144,411.42857142857144,2026-09-03T08:41:28.948Z,01a06631-b4fb-74ed-a9a4-279c890aee3b,Europe/Kiev,0,1158,synced,27,18,pre_plan,Android,False,2026-09-03 08:41:23.989000+00:00,256687,01a05e0c-9989-7658-8fe7-6bfa12a95f48,,2026-09-03 08:41:30.237000+00:00,propertyless,sync_completed,01a05e0c-9989-7658-8fe7-6bfa12a95f48,4c95ad21-dead-5b16-8980-961468cbcd87,01a05e0c-9989-7658-8fe7-6bfa12a95f48,,posthog-react-native,2026-09-03 08:41:23.989000+00:00
01a0666d-eee6-71b8-b4fa-4b98f0e083c7,sync_completed,1,Hourwell,com.hourwell.app,0.1.0,Google,Pixel 7a,Mobile,True,False,False,posthog-react-native,4.63.9,en-US-u-mu-celsius,Android,17,False,914.2857142857144,411.42857142857144,2026-09-03T08:41:17.502Z,01a06631-b4fb-74ed-a9a4-279c890aee3b,Europe/Kiev,0,1123,synced,25,16,pre_plan,Android,False,2026-09-03 08:41:15.737000+00:00,256687,01a05e0c-9989-7658-8fe7-6bfa12a95f48,,2026-09-03 08:41:17.879000+00:00,propertyless,sync_completed,01a05e0c-9989-7658-8fe7-6bfa12a95f48,4c95ad21-dead-5b16-8980-961468cbcd87,01a05e0c-9989-7658-8fe7-6bfa12a95f48,,posthog-react-native,2026-09-03 08:41:15.737000+00:00
01a0666d-ce9e-7654-a0ed-3e3bc9c0aa76,sync_completed,1,Hourwell,com.hourwell.app,0.1.0,Google,Pixel 7a,Mobile,True,False,False,posthog-react-native,4.63.9,en-US-u-mu-celsius,Android,17,False,914.2857142857144,411.42857142857144,2026-09-03T08:41:17.502Z,01a06631-b4fb-74ed-a9a4-279c890aee3b,Europe/Kiev,0,1005,synced,25,16,pre_plan,Android,False,2026-09-03 08:41:07.473000+00:00,256687,01a05e0c-9989-7658-8fe7-6bfa12a95f48,,2026-09-03 08:41:17.746000+00:00,propertyless,sync_completed,01a05e0c-9989-7658-8fe7-6bfa12a95f48,4c95ad21-dead-5b16-8980-961468cbcd87,01a05e0c-9989-7658-8fe7-6bfa12a95f48,,posthog-react-native,2026-09-03 08:41:07.473000+00:00
01a0666d-b0be-72c2-a700-33de92c6ac71,sync_completed,1,Hourwell,com.hourwell.app,0.1.0,Google,Pixel 7a,Mobile,True,False,False,posthog-react-native,4.63.9,en-US-u-mu-celsius,Android,17,False,914.2857142857144,411.42857142857144,2026-09-03T08:41:04.144Z,01a06631-b4fb-74ed-a9a4-279c890aee3b,Europe/Kiev,0,1517,synced,17,9,pre_plan,Android,False,2026-09-03 08:40:59.843000+00:00,256687,01a05e0c-9989-7658-8fe7-6bfa12a95f48,,2026-09-03 08:41:04.671000+00:00,propertyless,sync_completed,01a05e0c-9989-7658-8fe7-6bfa12a95f48,4c95ad21-dead-5b16-8980-961468cbcd87,01a05e0c-9989-7658-8fe7-6bfa12a95f48,,posthog-react-native,2026-09-03 08:40:59.843000+00:00
01a0666d-8ed8-72e5-bcba-c3225d5ffb7a,sync_completed,1,Hourwell,com.hourwell.app,0.1.0,Google,Pixel 7a,Mobile,True,False,False,posthog-react-native,4.63.9,en-US-u-mu-celsius,Android,17,False,914.2857142857144,411.42857142857144,2026-09-03T08:40:52.975Z,01a06631-b4fb-74ed-a9a4-279c890aee3b,Europe/Kiev,0,1014,synced,19,10,pre_plan,Android,False,2026-09-03 08:40:51.149000+00:00,256687,01a05e0c-9989-7658-8fe7-6bfa12a95f48,,2026-09-03 08:40:54.488000+00:00,propertyless,sync_completed,01a05e0c-9989-7658-8fe7-6bfa12a95f48,4c95ad21-dead-5b16-8980-961468cbcd87,01a05e0c-9989-7658-8fe7-6bfa12a95f48,,posthog-react-native,2026-09-03 08:40:51.149000+00:00
01a0666d-7186-7d0a-a799-96e80cbca283,sync_completed,1,Hourwell,com.hourwell.app,0.1.0,Google,Pixel 7a,Mobile,True,False,False,posthog-react-native,4.63.9,en-US-u-mu-celsius,Android,17,False,914.2857142857144,411.42857142857144,2026-09-03T08:40:52.975Z,01a06631-b4fb-74ed-a9a4-279c890aee3b,Europe/Kiev,0,1496,synced,21,12,pre_plan,Android,False,2026-09-03 08:40:43.643000+00:00,256687,01a05e0c-9989-7658-8fe7-6bfa12a95f48,,2026-09-03 08:40:54.339000+00:00,propertyless,sync_completed,01a05e0c-9989-7658-8fe7-6bfa12a95f48,4c95ad21-dead-5b16-8980-961468cbcd87,01a05e0c-9989-7658-8fe7-6bfa12a95f48,,posthog-react-native,2026-09-03 08:40:43.643000+00:00
01a0666d-3ad0-7804-b1d5-ba4b1688ce0b,sync_completed,1,Hourwell,com.hourwell.app,0.1.0,Google,Pixel 7a,Mobile,True,False,False,posthog-react-native,4.63.9,en-US-u-mu-celsius,Android,17,False,914.2857142857144,411.42857142857144,2026-09-03T08:40:39.662Z,01a06631-b4fb-74ed-a9a4-279c890aee3b,Europe/Kiev,0,743,synced,0,0,poll,Android,False,2026-09-03 08:40:29.629000+00:00,256687,01a05e0c-9989-7658-8fe7-6bfa12a95f48,,2026-09-03 08:40:40.131000+00:00,propertyless,sync_completed,01a05e0c-9989-7658-8fe7-6bfa12a95f48,4c95ad21-dead-5b16-8980-961468cbcd87,01a05e0c-9989-7658-8fe7-6bfa12a95f48,,posthog-react-native,2026-09-03 08:40:29.629000+00:00
01a0666c-515b-779c-8df5-f80493d2b8e6,sync_completed,1,Hourwell,com.hourwell.app,0.1.0,Google,Pixel 7a,Mobile,True,False,False,posthog-react-native,4.63.9,en-US-u-mu-celsius,Android,17,False,914.2857142857144,411.42857142857144,2026-09-03T08:39:39.893Z,01a06631-b4fb-74ed-a9a4-279c890aee3b,Europe/Kiev,0,944,synced,0,0,poll,Android,False,2026-09-03 08:39:29.836000+00:00,256687,01a05e0c-9989-7658-8fe7-6bfa12a95f48,,2026-09-03 08:39:39.987000+00:00,propertyless,sync_completed,01a05e0c-9989-7658-8fe7-6bfa12a95f48,4c95ad21-dead-5b16-8980-961468cbcd87,01a05e0c-9989-7658-8fe7-6bfa12a95f48,,posthog-react-native,2026-09-03 08:39:29.836000+00:00
01a0666b-6602-7b1f-b817-42359c91b239,sync_completed,1,Hourwell,com.hourwell.app,0.1.0,Google,Pixel 7a,Mobile,True,False,False,posthog-react-native,4.63.9,en-US-u-mu-celsius,Android,17,False,914.2857142857144,411.42857142857144,2026-09-03T08:38:39.642Z,01a06631-b4fb-74ed-a9a4-279c890aee3b,Europe/Kiev,0,732,synced,0,0,poll,Android,False,2026-09-03 08:38:29.584000+00:00,256687,01a05e0c-9989-7658-8fe7-6bfa12a95f48,,2026-09-03 08:38:40.799000+00:00,propertyless,sync_completed,01a05e0c-9989-7658-8fe7-6bfa12a95f48,4c95ad21-dead-5b16-8980-961468cbcd87,01a05e0c-9989-7658-8fe7-6bfa12a95f48,,posthog-react-native,2026-09-03 08:38:29.584000+00:00
01a0666a-7dd4-72ab-8aab-9f5ad8d1ce89,sync_completed,1,Hourwell,com.hourwell.app,0.1.0,Google,Pixel 7a,Mobile,True,False,False,posthog-react-native,4.63.9,en-US-u-mu-celsius,Android,17,False,914.2857142857144,411.42857142857144,2026-09-03T08:37:40.219Z,01a06631-b4fb-74ed-a9a4-279c890aee3b,Europe/Kiev,0,1280,synced,0,0,poll,Android,False,2026-09-03 08:37:30.082000+00:00,256687,01a05e0c-9989-7658-8fe7-6bfa12a95f48,,2026-09-03 08:37:40.856000+00:00,propertyless,sync_completed,01a05e0c-9989-7658-8fe7-6bfa12a95f48,4c95ad21-dead-5b16-8980-961468cbcd87,01a05e0c-9989-7658-8fe7-6bfa12a95f48,,posthog-react-native,2026-09-03 08:37:30.082000+00:00
01a06669-9131-7ab9-8272-d964b3349fa7,sync_completed,1,Hourwell,com.hourwell.app,0.1.0,Google,Pixel 7a,Mobile,True,False,False,posthog-react-native,4.63.9,en-US-u-mu-celsius,Android,17,False,914.2857142857144,411.42857142857144,2026-09-03T08:36:39.627Z,01a06631-b4fb-74ed-a9a4-279c890aee3b,Europe/Kiev,0,740,synced,0,0,poll,Android,False,2026-09-03 08:36:30.151000+00:00,256687,01a05e0c-9989-7658-8fe7-6bfa12a95f48,,2026-09-03 08:36:40.944000+00:00,propertyless,sync_completed,01a05e0c-9989-7658-8fe7-6bfa12a95f48,4c95ad21-dead-5b16-8980-961468cbcd87,01a05e0c-9989-7658-8fe7-6bfa12a95f48,,posthog-react-native,2026-09-03 08:36:30.151000+00:00
01a06668-a89d-76b4-82de-1b0943579c61,sync_completed,1,Hourwell,com.hourwell.app,0.1.0,Google,Pixel 7a,Mobile,True,False,False,posthog-react-native,4.63.9,en-US-u-mu-celsius,Android,17,False,914.2857142857144,411.42857142857144,2026-09-03T08:35:40.083Z,01a06631-b4fb-74ed-a9a4-279c890aee3b,Europe/Kiev,0,1177,synced,0,0,poll,Android,False,2026-09-03 08:35:30.009000+00:00,256687,01a05e0c-9989-7658-8fe7-6bfa12a95f48,,2026-09-03 08:35:40.440000+00:00,propertyless,sync_completed,01a05e0c-9989-7658-8fe7-6bfa12a95f48,4c95ad21-dead-5b16-8980-961468cbcd87,01a05e0c-9989-7658-8fe7-6bfa12a95f48,,posthog-react-native,2026-09-03 08:35:30.009000+00:00
01a06667-bca4-7108-b9bd-0a92ed7b8f1f,sync_completed,1,Hourwell,com.hourwell.app,0.1.0,Google,Pixel 7a,Mobile,True,False,False,posthog-react-native,4.63.9,en-US-u-mu-celsius,Android,17,False,914.2857142857144,411.42857142857144,2026-09-03T08:34:39.687Z,01a06631-b4fb-74ed-a9a4-279c890aee3b,Europe/Kiev,0,781,synced,0,0,poll,Android,False,2026-09-03 08:34:29.624000+00:00,256687,01a05e0c-9989-7658-8fe7-6bfa12a95f48,,2026-09-03 08:34:40.230000+00:00,propertyless,sync_completed,01a05e0c-9989-7658-8fe7-6bfa12a95f48,4c95ad21-dead-5b16-8980-961468cbcd87,01a05e0c-9989-7658-8fe7-6bfa12a95f48,,posthog-react-native,2026-09-03 08:34:29.624000+00:00
01a06666-d5f9-7632-8f28-b27110652a6e,sync_completed,1,Hourwell,com.hourwell.app,0.1.0,Google,Pixel 7a,Mobile,True,False,False,posthog-react-native,4.63.9,en-US-u-mu-celsius,Android,17,False,914.2857142857144,411.42857142857144,2026-09-03T08:33:40.623Z,01a06631-b4fb-74ed-a9a4-279c890aee3b,Europe/Kiev,0,1723,synced,0,0,poll,Android,False,2026-09-03 08:33:30.495000+00:00,256687,01a05e0c-9989-7658-8fe7-6bfa12a95f48,,2026-09-03 08:33:40.921000+00:00,propertyless,sync_completed,01a05e0c-9989-7658-8fe7-6bfa12a95f48,4c95ad21-dead-5b16-8980-961468cbcd87,01a05e0c-9989-7658-8fe7-6bfa12a95f48,,posthog-react-native,2026-09-03 08:33:30.495000+00:00
01a06665-e8bb-714e-8525-d89898624b05,sync_completed,1,Hourwell,com.hourwell.app,0.1.0,Google,Pixel 7a,Mobile,True,False,False,posthog-react-native,4.63.9,en-US-u-mu-celsius,Android,17,False,914.2857142857144,411.42857142857144,2026-09-03T08:32:39.888Z,01a06631-b4fb-74ed-a9a4-279c890aee3b,Europe/Kiev,0,993,synced,0,0,poll,Android,False,2026-09-03 08:32:29.827000+00:00,256687,01a05e0c-9989-7658-8fe7-6bfa12a95f48,,2026-09-03 08:32:40.638000+00:00,propertyless,sync_completed,01a05e0c-9989-7658-8fe7-6bfa12a95f48,4c95ad21-dead-5b16-8980-961468cbcd87,01a05e0c-9989-7658-8fe7-6bfa12a95f48,,posthog-react-native,2026-09-03 08:32:29.827000+00:00
01a06665-00c5-7731-a793-cd0e3708ad81,sync_completed,1,Hourwell,com.hourwell.app,0.1.0,Google,Pixel 7a,Mobile,True,False,False,posthog-react-native,4.63.9,en-US-u-mu-celsius,Android,17,False,914.2857142857144,411.42857142857144,2026-09-03T08:31:40.511Z,01a06631-b4fb-74ed-a9a4-279c890aee3b,Europe/Kiev,0,1640,synced,0,0,poll,Android,False,2026-09-03 08:31:30.401000+00:00,256687,01a05e0c-9989-7658-8fe7-6bfa12a95f48,,2026-09-03 08:31:40.719000+00:00,propertyless,sync_completed,01a05e0c-9989-7658-8fe7-6bfa12a95f48,4c95ad21-dead-5b16-8980-961468cbcd87,01a05e0c-9989-7658-8fe7-6bfa12a95f48,,posthog-react-native,2026-09-03 08:31:30.401000+00:00
01a06664-13cb-7af0-b571-64e9eefa028b,sync_completed,1,Hourwell,com.hourwell.app,0.1.0,Google,Pixel 7a,Mobile,True,False,False,posthog-react-native,4.63.9,en-US-u-mu-celsius,Android,17,False,914.2857142857144,411.42857142857144,2026-09-03T08:30:39.853Z,01a06631-b4fb-74ed-a9a4-279c890aee3b,Europe/Kiev,0,976,synced,0,0,poll,Android,False,2026-09-03 08:30:29.802000+00:00,256687,01a05e0c-9989-7658-8fe7-6bfa12a95f48,,2026-09-03 08:30:41.078000+00:00,propertyless,sync_completed,01a05e0c-9989-7658-8fe7-6bfa12a95f48,4c95ad21-dead-5b16-8980-961468cbcd87,01a05e0c-9989-7658-8fe7-6bfa12a95f48,,posthog-react-native,2026-09-03 08:30:29.802000+00:00
01a06663-2a84-7e4e-ae84-06ffce708bfb,sync_completed,1,Hourwell,com.hourwell.app,0.1.0,Google,Pixel 7a,Mobile,True,False,False,posthog-react-native,4.63.9,en-US-u-mu-celsius,Android,17,False,914.2857142857144,411.42857142857144,2026-09-03T08:29:40.128Z,01a06631-b4fb-74ed-a9a4-279c890aee3b,Europe/Kiev,0,1238,synced,0,0,poll,Android,False,2026-09-03 08:29:30.064000+00:00,256687,01a05e0c-9989-7658-8fe7-6bfa12a95f48,,2026-09-03 08:29:40.641000+00:00,propertyless,sync_completed,01a05e0c-9989-7658-8fe7-6bfa12a95f48,4c95ad21-dead-5b16-8980-961468cbcd87,01a05e0c-9989-7658-8fe7-6bfa12a95f48,,posthog-react-native,2026-09-03 08:29:30.064000+00:00
01a06662-3e68-70eb-b59e-3f63f45c61da,sync_completed,1,Hourwell,com.hourwell.app,0.1.0,Google,Pixel 7a,Mobile,True,False,False,posthog-react-native,4.63.9,en-US-u-mu-celsius,Android,17,False,914.2857142857144,411.42857142857144,2026-09-03T08:28:39.684Z,01a06631-b4fb-74ed-a9a4-279c890aee3b,Europe/Kiev,0,823,synced,0,0,poll,Android,False,2026-09-03 08:28:29.631000+00:00,256687,01a05e0c-9989-7658-8fe7-6bfa12a95f48,,2026-09-03 08:28:40.292000+00:00,propertyless,sync_completed,01a05e0c-9989-7658-8fe7-6bfa12a95f48,4c95ad21-dead-5b16-8980-961468cbcd87,01a05e0c-9989-7658-8fe7-6bfa12a95f48,,posthog-react-native,2026-09-03 08:28:29.631000+00:00
01a06661-583c-7d7c-ba61-4a107eb1b94e,sync_completed,1,Hourwell,com.hourwell.app,0.1.0,Google,Pixel 7a,Mobile,True,False,False,posthog-react-native,4.63.9,en-US-u-mu-celsius,Android,17,False,914.2857142857144,411.42857142857144,2026-09-03T08:27:40.762Z,01a06631-b4fb-74ed-a9a4-279c890aee3b,Europe/Kiev,0,1844,synced,0,0,poll,Android,False,2026-09-03 08:27:30.659000+00:00,256687,01a05e0c-9989-7658-8fe7-6bfa12a95f48,,2026-09-03 08:27:41.463000+00:00,propertyless,sync_completed,01a05e0c-9989-7658-8fe7-6bfa12a95f48,4c95ad21-dead-5b16-8980-961468cbcd87,01a05e0c-9989-7658-8fe7-6bfa12a95f48,,posthog-react-native,2026-09-03 08:27:30.659000+00:00
01a06660-6994-793c-8b3a-52a7935538bf,sync_completed,1,Hourwell,com.hourwell.app,0.1.0,Google,Pixel 7a,Mobile,True,False,False,posthog-react-native,4.63.9,en-US-u-mu-celsius,Android,17,False,914.2857142857144,411.42857142857144,2026-09-03T08:26:39.667Z,01a06631-b4fb-74ed-a9a4-279c890aee3b,Europe/Kiev,0,808,synced,0,0,poll,Android,False,2026-09-03 08:26:29.616000+00:00,256687,01a05e0c-9989-7658-8fe7-6bfa12a95f48,,2026-09-03 08:26:39.766000+00:00,propertyless,sync_completed,01a05e0c-9989-7658-8fe7-6bfa12a95f48,4c95ad21-dead-5b16-8980-961468cbcd87,01a05e0c-9989-7658-8fe7-6bfa12a95f48,,posthog-react-native,2026-09-03 08:26:29.616000+00:00
01a0665f-8310-7ac0-a6d9-2d9dd10e27a9,sync_completed,1,Hourwell,com.hourwell.app,0.1.0,Google,Pixel 7a,Mobile,True,False,False,posthog-react-native,4.63.9,en-US-u-mu-celsius,Android,17,False,914.2857142857144,411.42857142857144,2026-09-03T08:25:40.652Z,01a06631-b4fb-74ed-a9a4-279c890aee3b,Europe/Kiev,0,1811,synced,0,0,poll,Android,False,2026-09-03 08:25:30.614000+00:00,256687,01a05e0c-9989-7658-8fe7-6bfa12a95f48,,2026-09-03 08:25:41.231000+00:00,propertyless,sync_completed,01a05e0c-9989-7658-8fe7-6bfa12a95f48,4c95ad21-dead-5b16-8980-961468cbcd87,01a05e0c-9989-7658-8fe7-6bfa12a95f48,,posthog-react-native,2026-09-03 08:25:30.614000+00:00
01a0665e-9528-77e5-8264-93bf8a58dccf,sync_completed,1,Hourwell,com.hourwell.app,0.1.0,Google,Pixel 7a,Mobile,True,False,False,posthog-react-native,4.63.9,en-US-u-mu-celsius,Android,17,False,914.2857142857144,411.42857142857144,2026-09-03T08:24:39.743Z,01a06631-b4fb-74ed-a9a4-279c890aee3b,Europe/Kiev,0,913,synced,0,0,poll,Android,False,2026-09-03 08:24:29.703000+00:00,256687,01a05e0c-9989-7658-8fe7-6bfa12a95f48,,2026-09-03 08:24:40.905000+00:00,propertyless,sync_completed,01a05e0c-9989-7658-8fe7-6bfa12a95f48,4c95ad21-dead-5b16-8980-961468cbcd87,01a05e0c-9989-7658-8fe7-6bfa12a95f48,,posthog-react-native,2026-09-03 08:24:29.703000+00:00
01a0665d-aa71-757c-b9a9-09729e910d7f,sync_completed,1,Hourwell,com.hourwell.app,0.1.0,Google,Pixel 7a,Mobile,True,False,False,posthog-react-native,4.63.9,en-US-u-mu-celsius,Android,17,False,914.2857142857144,411.42857142857144,2026-09-03T08:23:39.656Z,01a06631-b4fb-74ed-a9a4-279c890aee3b,Europe/Kiev,0,809,synced,0,0,poll,Android,False,2026-09-03 08:23:29.619000+00:00,256687,01a05e0c-9989-7658-8fe7-6bfa12a95f48,,2026-09-03 08:23:40.056000+00:00,propertyless,sync_completed,01a05e0c-9989-7658-8fe7-6bfa12a95f48,4c95ad21-dead-5b16-8980-961468cbcd87,01a05e0c-9989-7658-8fe7-6bfa12a95f48,,posthog-react-native,2026-09-03 08:23:29.619000+00:00
01a0665c-c294-75da-bdd8-1b815ee2d932,sync_completed,1,Hourwell,com.hourwell.app,0.1.0,Google,Pixel 7a,Mobile,True,False,False,posthog-react-native,4.63.9,en-US-u-mu-celsius,Android,17,False,914.2857142857144,411.42857142857144,2026-09-03T08:22:40.309Z,01a06631-b4fb-74ed-a9a4-279c890aee3b,Europe/Kiev,0,1476,synced,0,0,poll,Android,False,2026-09-03 08:22:30.239000+00:00,256687,01a05e0c-9989-7658-8fe7-6bfa12a95f48,,2026-09-03 08:22:40.878000+00:00,propertyless,sync_completed,01a05e0c-9989-7658-8fe7-6bfa12a95f48,4c95ad21-dead-5b16-8980-961468cbcd87,01a05e0c-9989-7658-8fe7-6bfa12a95f48,,posthog-react-native,2026-09-03 08:22:30.239000+00:00
01a0665b-d5ca-7931-a240-735a679fe8e4,sync_completed,1,Hourwell,com.hourwell.app,0.1.0,Google,Pixel 7a,Mobile,True,False,False,posthog-react-native,4.63.9,en-US-u-mu-celsius,Android,17,False,914.2857142857144,411.42857142857144,2026-09-03T08:21:39.682Z,01a06631-b4fb-74ed-a9a4-279c890aee3b,Europe/Kiev,0,866,synced,0,0,poll,Android,False,2026-09-03 08:21:29.640000+00:00,256687,01a05e0c-9989-7658-8fe7-6bfa12a95f48,,2026-09-03 08:21:40.095000+00:00,propertyless,sync_completed,01a05e0c-9989-7658-8fe7-6bfa12a95f48,4c95ad21-dead-5b16-8980-961468cbcd87,01a05e0c-9989-7658-8fe7-6bfa12a95f48,,posthog-react-native,2026-09-03 08:21:29.640000+00:00
01a0665a-eb15-71f1-9edb-9a3b2eb264ec,sync_completed,1,Hourwell,com.hourwell.app,0.1.0,Google,Pixel 7a,Mobile,True,False,False,posthog-react-native,4.63.9,en-US-u-mu-celsius,Android,17,False,914.2857142857144,411.42857142857144,2026-09-03T08:20:39.601Z,01a06631-b4fb-74ed-a9a4-279c890aee3b,Europe/Kiev,0,765,synced,0,0,poll,Android,False,2026-09-03 08:20:29.501000+00:00,256687,01a05e0c-9989-7658-8fe7-6bfa12a95f48,,2026-09-03 08:20:40.377000+00:00,propertyless,sync_completed,01a05e0c-9989-7658-8fe7-6bfa12a95f48,4c95ad21-dead-5b16-8980-961468cbcd87,01a05e0c-9989-7658-8fe7-6bfa12a95f48,,posthog-react-native,2026-09-03 08:20:29.501000+00:00
01a0665a-0166-76a6-8e6d-892a5583efbf,sync_completed,1,Hourwell,com.hourwell.app,0.1.0,Google,Pixel 7a,Mobile,True,False,False,posthog-react-native,4.63.9,en-US-u-mu-celsius,Android,17,False,914.2857142857144,411.42857142857144,2026-09-03T08:19:39.774Z,01a06631-b4fb-74ed-a9a4-279c890aee3b,Europe/Kiev,0,949,synced,0,0,poll,Android,False,2026-09-03 08:19:29.740000+00:00,256687,01a05e0c-9989-7658-8fe7-6bfa12a95f48,,2026-09-03 08:19:40.065000+00:00,propertyless,sync_completed,01a05e0c-9989-7658-8fe7-6bfa12a95f48,4c95ad21-dead-5b16-8980-961468cbcd87,01a05e0c-9989-7658-8fe7-6bfa12a95f48,,posthog-react-native,2026-09-03 08:19:29.740000+00:00
01a06659-15df-7698-abe1-101d76ca6723,sync_completed,1,Hourwell,com.hourwell.app,0.1.0,Google,Pixel 7a,Mobile,True,False,False,posthog-react-native,4.63.9,en-US-u-mu-celsius,Android,17,False,914.2857142857144,411.42857142857144,2026-09-03T08:18:39.485Z,01a06631-b4fb-74ed-a9a4-279c890aee3b,Europe/Kiev,0,659,synced,0,0,poll,Android,False,2026-09-03 08:18:29.373000+00:00,256687,01a05e0c-9989-7658-8fe7-6bfa12a95f48,,2026-09-03 08:18:39.861000+00:00,propertyless,sync_completed,01a05e0c-9989-7658-8fe7-6bfa12a95f48,4c95ad21-dead-5b16-8980-961468cbcd87,01a05e0c-9989-7658-8fe7-6bfa12a95f48,,posthog-react-native,2026-09-03 08:18:29.373000+00:00
01a06658-2c59-7b20-a616-9b8bc84fd721,sync_completed,1,Hourwell,com.hourwell.app,0.1.0,Google,Pixel 7a,Mobile,True,False,False,posthog-react-native,4.63.9,en-US-u-mu-celsius,Android,17,False,914.2857142857144,411.42857142857144,2026-09-03T08:17:39.699Z,01a06631-b4fb-74ed-a9a4-279c890aee3b,Europe/Kiev,0,881,synced,0,0,poll,Android,False,2026-09-03 08:17:29.657000+00:00,256687,01a05e0c-9989-7658-8fe7-6bfa12a95f48,,2026-09-03 08:17:40.165000+00:00,propertyless,sync_completed,01a05e0c-9989-7658-8fe7-6bfa12a95f48,4c95ad21-dead-5b16-8980-961468cbcd87,01a05e0c-9989-7658-8fe7-6bfa12a95f48,,posthog-react-native,2026-09-03 08:17:29.657000+00:00
01a06657-4117-78fb-b261-64191ef2406a,sync_completed,1,Hourwell,com.hourwell.app,0.1.0,Google,Pixel 7a,Mobile,True,False,False,posthog-react-native,4.63.9,en-US-u-mu-celsius,Android,17,False,914.2857142857144,411.42857142857144,2026-09-03T08:16:39.47Z,01a06631-b4fb-74ed-a9a4-279c890aee3b,Europe/Kiev,0,676,synced,0,0,poll,Android,False,2026-09-03 08:16:29.427000+00:00,256687,01a05e0c-9989-7658-8fe7-6bfa12a95f48,,2026-09-03 08:16:40.158000+00:00,propertyless,sync_completed,01a05e0c-9989-7658-8fe7-6bfa12a95f48,4c95ad21-dead-5b16-8980-961468cbcd87,01a05e0c-9989-7658-8fe7-6bfa12a95f48,,posthog-react-native,2026-09-03 08:16:29.427000+00:00
01a06656-5779-79bb-9ebf-5582c33377d0,sync_completed,1,Hourwell,com.hourwell.app,0.1.0,Google,Pixel 7a,Mobile,True,False,False,posthog-react-native,4.63.9,en-US-u-mu-celsius,Android,17,False,914.2857142857144,411.42857142857144,2026-09-03T08:15:39.674Z,01a06631-b4fb-74ed-a9a4-279c890aee3b,Europe/Kiev,0,850,synced,0,0,poll,Android,False,2026-09-03 08:15:29.623000+00:00,256687,01a05e0c-9989-7658-8fe7-6bfa12a95f48,,2026-09-03 08:15:40.518000+00:00,propertyless,sync_completed,01a05e0c-9989-7658-8fe7-6bfa12a95f48,4c95ad21-dead-5b16-8980-961468cbcd87,01a05e0c-9989-7658-8fe7-6bfa12a95f48,,posthog-react-native,2026-09-03 08:15:29.623000+00:00
01a06655-6d1b-78bc-b4ab-1743b9f9d0f8,sync_completed,1,Hourwell,com.hourwell.app,0.1.0,Google,Pixel 7a,Mobile,True,False,False,posthog-react-native,4.63.9,en-US-u-mu-celsius,Android,17,False,914.2857142857144,411.42857142857144,2026-09-03T08:14:39.676Z,01a06631-b4fb-74ed-a9a4-279c890aee3b,Europe/Kiev,0,866,synced,0,0,poll,Android,False,2026-09-03 08:14:29.627000+00:00,256687,01a05e0c-9989-7658-8fe7-6bfa12a95f48,,2026-09-03 08:14:40.069000+00:00,propertyless,sync_completed,01a05e0c-9989-7658-8fe7-6bfa12a95f48,4c95ad21-dead-5b16-8980-961468cbcd87,01a05e0c-9989-7658-8fe7-6bfa12a95f48,,posthog-react-native,2026-09-03 08:14:29.627000+00:00
01a06654-843f-7297-a324-b040ed214338,sync_completed,1,Hourwell,com.hourwell.app,0.1.0,Google,Pixel 7a,Mobile,True,False,False,posthog-react-native,4.63.9,en-US-u-mu-celsius,Android,17,False,914.2857142857144,411.42857142857144,2026-09-03T08:13:40.06Z,01a06631-b4fb-74ed-a9a4-279c890aee3b,Europe/Kiev,0,1277,synced,0,0,poll,Android,False,2026-09-03 08:13:30.015000+00:00,256687,01a05e0c-9989-7658-8fe7-6bfa12a95f48,,2026-09-03 08:13:40.615000+00:00,propertyless,sync_completed,01a05e0c-9989-7658-8fe7-6bfa12a95f48,4c95ad21-dead-5b16-8980-961468cbcd87,01a05e0c-9989-7658-8fe7-6bfa12a95f48,,posthog-react-native,2026-09-03 08:13:30.015000+00:00
01a06653-97f2-71e3-8d70-7b7c8f2ef57c,sync_completed,1,Hourwell,com.hourwell.app,0.1.0,Google,Pixel 7a,Mobile,True,False,False,posthog-react-native,4.63.9,en-US-u-mu-celsius,Android,17,False,914.2857142857144,411.42857142857144,2026-09-03T08:12:39.567Z,01a06631-b4fb-74ed-a9a4-279c890aee3b,Europe/Kiev,0,783,synced,0,0,poll,Android,False,2026-09-03 08:12:29.526000+00:00,256687,01a05e0c-9989-7658-8fe7-6bfa12a95f48,,2026-09-03 08:12:40.117000+00:00,propertyless,sync_completed,01a05e0c-9989-7658-8fe7-6bfa12a95f48,4c95ad21-dead-5b16-8980-961468cbcd87,01a05e0c-9989-7658-8fe7-6bfa12a95f48,,posthog-react-native,2026-09-03 08:12:29.526000+00:00
01a06652-af98-7cfa-8c77-1c5978ebb757,sync_completed,1,Hourwell,com.hourwell.app,0.1.0,Google,Pixel 7a,Mobile,True,False,False,posthog-react-native,4.63.9,en-US-u-mu-celsius,Android,17,False,914.2857142857144,411.42857142857144,2026-09-03T08:11:40.079Z,01a06631-b4fb-74ed-a9a4-279c890aee3b,Europe/Kiev,0,1319,synced,0,0,poll,Android,False,2026-09-03 08:11:30.033000+00:00,256687,01a05e0c-9989-7658-8fe7-6bfa12a95f48,,2026-09-03 08:11:40.523000+00:00,propertyless,sync_completed,01a05e0c-9989-7658-8fe7-6bfa12a95f48,4c95ad21-dead-5b16-8980-961468cbcd87,01a05e0c-9989-7658-8fe7-6bfa12a95f48,,posthog-react-native,2026-09-03 08:11:30.033000+00:00
01a06651-c424-7afb-9312-9b4a8421e679,sync_completed,1,Hourwell,com.hourwell.app,0.1.0,Google,Pixel 7a,Mobile,True,False,False,posthog-react-native,4.63.9,en-US-u-mu-celsius,Android,17,False,914.2857142857144,411.42857142857144,2026-09-03T08:10:39.811Z,01a06631-b4fb-74ed-a9a4-279c890aee3b,Europe/Kiev,0,1026,synced,0,0,poll,Android,False,2026-09-03 08:10:29.767000+00:00,256687,01a05e0c-9989-7658-8fe7-6bfa12a95f48,,2026-09-03 08:10:40.186000+00:00,propertyless,sync_completed,01a05e0c-9989-7658-8fe7-6bfa12a95f48,4c95ad21-dead-5b16-8980-961468cbcd87,01a05e0c-9989-7658-8fe7-6bfa12a95f48,,posthog-react-native,2026-09-03 08:10:29.767000+00:00
01a06650-d8a9-7fc3-b917-517ca9bf869c,sync_completed,1,Hourwell,com.hourwell.app,0.1.0,Google,Pixel 7a,Mobile,True,False,False,posthog-react-native,4.63.9,en-US-u-mu-celsius,Android,17,False,914.2857142857144,411.42857142857144,2026-09-03T08:09:39.525Z,01a06631-b4fb-74ed-a9a4-279c890aee3b,Europe/Kiev,0,727,synced,0,0,poll,Android,False,2026-09-03 08:09:29.425000+00:00,256687,01a05e0c-9989-7658-8fe7-6bfa12a95f48,,2026-09-03 08:09:40.287000+00:00,propertyless,sync_completed,01a05e0c-9989-7658-8fe7-6bfa12a95f48,4c95ad21-dead-5b16-8980-961468cbcd87,01a05e0c-9989-7658-8fe7-6bfa12a95f48,,posthog-react-native,2026-09-03 08:09:29.425000+00:00
01a0664f-edd6-75d1-ad84-7069144c98d5,sync_completed,1,Hourwell,com.hourwell.app,0.1.0,Google,Pixel 7a,Mobile,True,False,False,posthog-react-native,4.63.9,en-US-u-mu-celsius,Android,17,False,914.2857142857144,411.42857142857144,2026-09-03T08:08:39.409Z,01a06631-b4fb-74ed-a9a4-279c890aee3b,Europe/Kiev,0,642,synced,0,0,poll,Android,False,2026-09-03 08:08:29.361000+00:00,256687,01a05e0c-9989-7658-8fe7-6bfa12a95f48,,2026-09-03 08:08:39.974000+00:00,propertyless,sync_completed,01a05e0c-9989-7658-8fe7-6bfa12a95f48,4c95ad21-dead-5b16-8980-961468cbcd87,01a05e0c-9989-7658-8fe7-6bfa12a95f48,,posthog-react-native,2026-09-03 08:08:29.361000+00:00
01a0664f-05d1-7150-ab33-05c2a8c79f0a,sync_completed,1,Hourwell,com.hourwell.app,0.1.0,Google,Pixel 7a,Mobile,True,False,False,posthog-react-native,4.63.9,en-US-u-mu-celsius,Android,17,False,914.2857142857144,411.42857142857144,2026-09-03T08:07:40.014Z,01a06631-b4fb-74ed-a9a4-279c890aee3b,Europe/Kiev,0,1258,synced,27,17,poll,Android,False,2026-09-03 08:07:29.978000+00:00,256687,01a05e0c-9989-7658-8fe7-6bfa12a95f48,,2026-09-03 08:07:40.281000+00:00,propertyless,sync_completed,01a05e0c-9989-7658-8fe7-6bfa12a95f48,4c95ad21-dead-5b16-8980-961468cbcd87,01a05e0c-9989-7658-8fe7-6bfa12a95f48,,posthog-react-native,2026-09-03 08:07:29.978000+00:00
01a0664e-18fd-7ea7-bba3-1dcf40ebbd54,sync_completed,1,Hourwell,com.hourwell.app,0.1.0,Google,Pixel 7a,Mobile,True,False,False,posthog-react-native,4.63.9,en-US-u-mu-celsius,Android,17,False,914.2857142857144,411.42857142857144,2026-09-03T08:06:39.378Z,01a06631-b4fb-74ed-a9a4-279c890aee3b,Europe/Kiev,0,631,synced,0,0,poll,Android,False,2026-09-03 08:06:29.382000+00:00,256687,01a05e0c-9989-7658-8fe7-6bfa12a95f48,,2026-09-03 08:06:39.825000+00:00,propertyless,sync_completed,01a05e0c-9989-7658-8fe7-6bfa12a95f48,4c95ad21-dead-5b16-8980-961468cbcd87,01a05e0c-9989-7658-8fe7-6bfa12a95f48,,posthog-react-native,2026-09-03 08:06:29.382000+00:00
01a0664d-3020-7be3-8ab3-e799d4fbf4ca,sync_completed,1,Hourwell,com.hourwell.app,0.1.0,Google,Pixel 7a,Mobile,True,False,False,posthog-react-native,4.63.9,en-US-u-mu-celsius,Android,17,False,914.2857142857144,411.42857142857144,2026-09-03T08:05:39.77Z,01a06631-b4fb-74ed-a9a4-279c890aee3b,Europe/Kiev,0,1028,synced,0,0,poll,Android,False,2026-09-03 08:05:29.735000+00:00,256687,01a05e0c-9989-7658-8fe7-6bfa12a95f48,,2026-09-03 08:05:41.194000+00:00,propertyless,sync_completed,01a05e0c-9989-7658-8fe7-6bfa12a95f48,4c95ad21-dead-5b16-8980-961468cbcd87,01a05e0c-9989-7658-8fe7-6bfa12a95f48,,posthog-react-native,2026-09-03 08:05:29.735000+00:00
01a0664c-4435-73e7-b7fc-f8c9b511fca4,sync_completed,1,Hourwell,com.hourwell.app,0.1.0,Google,Pixel 7a,Mobile,True,False,False,posthog-react-native,4.63.9,en-US-u-mu-celsius,Android,17,False,914.2857142857144,411.42857142857144,2026-09-03T08:04:39.378Z,01a06631-b4fb-74ed-a9a4-279c890aee3b,Europe/Kiev,0,635,synced,0,0,poll,Android,False,2026-09-03 08:04:29.347000+00:00,256687,01a05e0c-9989-7658-8fe7-6bfa12a95f48,,2026-09-03 08:04:39.709000+00:00,propertyless,sync_completed,01a05e0c-9989-7658-8fe7-6bfa12a95f48,4c95ad21-dead-5b16-8980-961468cbcd87,01a05e0c-9989-7658-8fe7-6bfa12a95f48,,posthog-react-native,2026-09-03 08:04:29.347000+00:00
01a0664b-5ad8-7bdc-8817-8f49b575692d,sync_completed,1,Hourwell,com.hourwell.app,0.1.0,Google,Pixel 7a,Mobile,True,False,False,posthog-react-native,4.63.9,en-US-u-mu-celsius,Android,17,False,914.2857142857144,411.42857142857144,2026-09-03T08:03:39.63Z,01a06631-b4fb-74ed-a9a4-279c890aee3b,Europe/Kiev,0,904,synced,0,0,poll,Android,False,2026-09-03 08:03:29.597000+00:00,256687,01a05e0c-9989-7658-8fe7-6bfa12a95f48,,2026-09-03 08:03:40.132000+00:00,propertyless,sync_completed,01a05e0c-9989-7658-8fe7-6bfa12a95f48,4c95ad21-dead-5b16-8980-961468cbcd87,01a05e0c-9989-7658-8fe7-6bfa12a95f48,,posthog-react-native,2026-09-03 08:03:29.597000+00:00
01a0664a-7337-765a-b1c2-ec5ea09123f8,sync_completed,1,Hourwell,com.hourwell.app,0.1.0,Google,Pixel 7a,Mobile,True,False,False,posthog-react-native,4.63.9,en-US-u-mu-celsius,Android,17,False,914.2857142857144,411.42857142857144,2026-09-03T08:02:40.346Z,01a06631-b4fb-74ed-a9a4-279c890aee3b,Europe/Kiev,0,1587,synced,0,0,poll,Android,False,2026-09-03 08:02:30.303000+00:00,256687,01a05e0c-9989-7658-8fe7-6bfa12a95f48,,2026-09-03 08:02:41.131000+00:00,propertyless,sync_completed,01a05e0c-9989-7658-8fe7-6bfa12a95f48,4c95ad21-dead-5b16-8980-961468cbcd87,01a05e0c-9989-7658-8fe7-6bfa12a95f48,,posthog-react-native,2026-09-03 08:02:30.303000+00:00
01a06649-89a4-7d56-8ece-8e6b1afa30ec,sync_completed,1,Hourwell,com.hourwell.app,0.1.0,Google,Pixel 7a,Mobile,True,False,False,posthog-react-native,4.63.9,en-US-u-mu-celsius,Android,17,False,914.2857142857144,411.42857142857144,2026-09-03T08:01:40.539Z,01a06631-b4fb-74ed-a9a4-279c890aee3b,Europe/Kiev,0,1806,synced,0,0,poll,Android,False,2026-09-03 08:01:30.517000+00:00,256687,01a05e0c-9989-7658-8fe7-6bfa12a95f48,,2026-09-03 08:01:40.741000+00:00,propertyless,sync_completed,01a05e0c-9989-7658-8fe7-6bfa12a95f48,4c95ad21-dead-5b16-8980-961468cbcd87,01a05e0c-9989-7658-8fe7-6bfa12a95f48,,posthog-react-native,2026-09-03 08:01:30.517000+00:00
01a06648-9afe-7c0c-8458-be514392222f,sync_completed,1,Hourwell,com.hourwell.app,0.1.0,Google,Pixel 7a,Mobile,True,False,False,posthog-react-native,4.63.9,en-US-u-mu-celsius,Android,17,False,914.2857142857144,411.42857142857144,2026-09-03T08:00:39.452Z,01a06631-b4fb-74ed-a9a4-279c890aee3b,Europe/Kiev,0,711,synced,0,0,poll,Android,False,2026-09-03 08:00:29.358000+00:00,256687,01a05e0c-9989-7658-8fe7-6bfa12a95f48,,2026-09-03 08:00:39.773000+00:00,propertyless,sync_completed,01a05e0c-9989-7658-8fe7-6bfa12a95f48,4c95ad21-dead-5b16-8980-961468cbcd87,01a05e0c-9989-7658-8fe7-6bfa12a95f48,,posthog-react-native,2026-09-03 08:00:29.358000+00:00
01a06647-b1a7-78cb-83bc-a12f45dcba21,sync_completed,1,Hourwell,com.hourwell.app,0.1.0,Google,Pixel 7a,Mobile,True,False,False,posthog-react-native,4.63.9,en-US-u-mu-celsius,Android,17,False,914.2857142857144,411.42857142857144,2026-09-03T07:59:39.717Z,01a06631-b4fb-74ed-a9a4-279c890aee3b,Europe/Kiev,0,996,synced,0,0,poll,Android,False,2026-09-03 07:59:29.693000+00:00,256687,01a05e0c-9989-7658-8fe7-6bfa12a95f48,,2026-09-03 07:59:40.297000+00:00,propertyless,sync_completed,01a05e0c-9989-7658-8fe7-6bfa12a95f48,4c95ad21-dead-5b16-8980-961468cbcd87,01a05e0c-9989-7658-8fe7-6bfa12a95f48,,posthog-react-native,2026-09-03 07:59:29.693000+00:00
01a06646-c63c-75f9-b451-06c54b3c93b0,sync_completed,1,Hourwell,com.hourwell.app,0.1.0,Google,Pixel 7a,Mobile,True,False,False,posthog-react-native,4.63.9,en-US-u-mu-celsius,Android,17,False,914.2857142857144,411.42857142857144,2026-09-03T07:58:39.446Z,01a06631-b4fb-74ed-a9a4-279c890aee3b,Europe/Kiev,0,718,synced,0,0,poll,Android,False,2026-09-03 07:58:29.426000+00:00,256687,01a05e0c-9989-7658-8fe7-6bfa12a95f48,,2026-09-03 07:58:40.375000+00:00,propertyless,sync_completed,01a05e0c-9989-7658-8fe7-6bfa12a95f48,4c95ad21-dead-5b16-8980-961468cbcd87,01a05e0c-9989-7658-8fe7-6bfa12a95f48,,posthog-react-native,2026-09-03 07:58:29.426000+00:00
01a06645-ddbd-7106-8a2a-0957826b27f7,sync_completed,1,Hourwell,com.hourwell.app,0.1.0,Google,Pixel 7a,Mobile,True,False,False,posthog-react-native,4.63.9,en-US-u-mu-celsius,Android,17,False,914.2857142857144,411.42857142857144,2026-09-03T07:57:39.932Z,01a06631-b4fb-74ed-a9a4-279c890aee3b,Europe/Kiev,0,1210,synced,0,0,poll,Android,False,2026-09-03 07:57:29.904000+00:00,256687,01a05e0c-9989-7658-8fe7-6bfa12a95f48,,2026-09-03 07:57:40.322000+00:00,propertyless,sync_completed,01a05e0c-9989-7658-8fe7-6bfa12a95f48,4c95ad21-dead-5b16-8980-961468cbcd87,01a05e0c-9989-7658-8fe7-6bfa12a95f48,,posthog-react-native,2026-09-03 07:57:29.904000+00:00
01a06644-f1d3-77cf-bd23-c53ac3a22b25,sync_completed,1,Hourwell,com.hourwell.app,0.1.0,Google,Pixel 7a,Mobile,True,False,False,posthog-react-native,4.63.9,en-US-u-mu-celsius,Android,17,False,914.2857142857144,411.42857142857144,2026-09-03T07:56:39.538Z,01a06631-b4fb-74ed-a9a4-279c890aee3b,Europe/Kiev,0,820,synced,0,0,poll,Android,False,2026-09-03 07:56:29.513000+00:00,256687,01a05e0c-9989-7658-8fe7-6bfa12a95f48,,2026-09-03 07:56:40.065000+00:00,propertyless,sync_completed,01a05e0c-9989-7658-8fe7-6bfa12a95f48,4c95ad21-dead-5b16-8980-961468cbcd87,01a05e0c-9989-7658-8fe7-6bfa12a95f48,,posthog-react-native,2026-09-03 07:56:29.513000+00:00
01a06644-0acf-75e8-a8e9-a48d565025c8,sync_completed,1,Hourwell,com.hourwell.app,0.1.0,Google,Pixel 7a,Mobile,True,False,False,posthog-react-native,4.63.9,en-US-u-mu-celsius,Android,17,False,914.2857142857144,411.42857142857144,2026-09-03T07:55:40.394Z,01a06631-b4fb-74ed-a9a4-279c890aee3b,Europe/Kiev,0,1678,synced,0,0,poll,Android,False,2026-09-03 07:55:30.364000+00:00,256687,01a05e0c-9989-7658-8fe7-6bfa12a95f48,,2026-09-03 07:55:41.161000+00:00,propertyless,sync_completed,01a05e0c-9989-7658-8fe7-6bfa12a95f48,4c95ad21-dead-5b16-8980-961468cbcd87,01a05e0c-9989-7658-8fe7-6bfa12a95f48,,posthog-react-native,2026-09-03 07:55:30.364000+00:00
01a06643-1c93-78db-90eb-51d7bdf1ff2c,sync_completed,1,Hourwell,com.hourwell.app,0.1.0,Google,Pixel 7a,Mobile,True,False,False,posthog-react-native,4.63.9,en-US-u-mu-celsius,Android,17,False,914.2857142857144,411.42857142857144,2026-09-03T07:54:39.399Z,01a06631-b4fb-74ed-a9a4-279c890aee3b,Europe/Kiev,0,738,synced,0,0,poll,Android,False,2026-09-03 07:54:29.382000+00:00,256687,01a05e0c-9989-7658-8fe7-6bfa12a95f48,,2026-09-03 07:54:39.688000+00:00,propertyless,sync_completed,01a05e0c-9989-7658-8fe7-6bfa12a95f48,4c95ad21-dead-5b16-8980-961468cbcd87,01a05e0c-9989-7658-8fe7-6bfa12a95f48,,posthog-react-native,2026-09-03 07:54:29.382000+00:00
01a06642-31d1-7568-bc8d-0e42ab798227,sync_completed,1,Hourwell,com.hourwell.app,0.1.0,Google,Pixel 7a,Mobile,True,False,False,posthog-react-native,4.63.9,en-US-u-mu-celsius,Android,17,False,914.2857142857144,411.42857142857144,2026-09-03T07:53:39.303Z,01a06631-b4fb-74ed-a9a4-279c890aee3b,Europe/Kiev,0,641,synced,0,0,poll,Android,False,2026-09-03 07:53:29.198000+00:00,256687,01a05e0c-9989-7658-8fe7-6bfa12a95f48,,2026-09-03 07:53:40.113000+00:00,propertyless,sync_completed,01a05e0c-9989-7658-8fe7-6bfa12a95f48,4c95ad21-dead-5b16-8980-961468cbcd87,01a05e0c-9989-7658-8fe7-6bfa12a95f48,,posthog-react-native,2026-09-03 07:53:29.198000+00:00
01a06641-489c-70c3-b3b2-d847ccef6d98,sync_completed,1,Hourwell,com.hourwell.app,0.1.0,Google,Pixel 7a,Mobile,True,False,False,posthog-react-native,4.63.9,en-US-u-mu-celsius,Android,17,False,914.2857142857144,411.42857142857144,2026-09-03T07:52:39.61Z,01a06631-b4fb-74ed-a9a4-279c890aee3b,Europe/Kiev,0,892,synced,0,0,poll,Android,False,2026-09-03 07:52:29.590000+00:00,256687,01a05e0c-9989-7658-8fe7-6bfa12a95f48,,2026-09-03 07:52:40.122000+00:00,propertyless,sync_completed,01a05e0c-9989-7658-8fe7-6bfa12a95f48,4c95ad21-dead-5b16-8980-961468cbcd87,01a05e0c-9989-7658-8fe7-6bfa12a95f48,,posthog-react-native,2026-09-03 07:52:29.590000+00:00
01a06640-5d50-7632-8fe0-493a4351c18e,sync_completed,1,Hourwell,com.hourwell.app,0.1.0,Google,Pixel 7a,Mobile,True,False,False,posthog-react-native,4.63.9,en-US-u-mu-celsius,Android,17,False,914.2857142857144,411.42857142857144,2026-09-03T07:51:39.368Z,01a06631-b4fb-74ed-a9a4-279c890aee3b,Europe/Kiev,0,722,synced,0,0,poll,Android,False,2026-09-03 07:51:29.407000+00:00,256687,01a05e0c-9989-7658-8fe7-6bfa12a95f48,,2026-09-03 07:51:39.806000+00:00,propertyless,sync_completed,01a05e0c-9989-7658-8fe7-6bfa12a95f48,4c95ad21-dead-5b16-8980-961468cbcd87,01a05e0c-9989-7658-8fe7-6bfa12a95f48,,posthog-react-native,2026-09-03 07:51:29.407000+00:00
01a0663f-737f-785f-8772-cb34f51311d9,sync_completed,1,Hourwell,com.hourwell.app,0.1.0,Google,Pixel 7a,Mobile,True,False,False,posthog-react-native,4.63.9,en-US-u-mu-celsius,Android,17,False,914.2857142857144,411.42857142857144,2026-09-03T07:50:39.51Z,01a06631-b4fb-74ed-a9a4-279c890aee3b,Europe/Kiev,0,837,synced,0,0,poll,Android,False,2026-09-03 07:50:29.500000+00:00,256687,01a05e0c-9989-7658-8fe7-6bfa12a95f48,,2026-09-03 07:50:40.081000+00:00,propertyless,sync_completed,01a05e0c-9989-7658-8fe7-6bfa12a95f48,4c95ad21-dead-5b16-8980-961468cbcd87,01a05e0c-9989-7658-8fe7-6bfa12a95f48,,posthog-react-native,2026-09-03 07:50:29.500000+00:00
01a0663e-89a5-7c03-a2ce-15c234d3db87,sync_completed,1,Hourwell,com.hourwell.app,0.1.0,Google,Pixel 7a,Mobile,True,False,False,posthog-react-native,4.63.9,en-US-u-mu-celsius,Android,17,False,914.2857142857144,411.42857142857144,2026-09-03T07:49:39.65Z,01a06631-b4fb-74ed-a9a4-279c890aee3b,Europe/Kiev,0,981,synced,0,0,poll,Android,False,2026-09-03 07:49:29.626000+00:00,256687,01a05e0c-9989-7658-8fe7-6bfa12a95f48,,2026-09-03 07:49:40.088000+00:00,propertyless,sync_completed,01a05e0c-9989-7658-8fe7-6bfa12a95f48,4c95ad21-dead-5b16-8980-961468cbcd87,01a05e0c-9989-7658-8fe7-6bfa12a95f48,,posthog-react-native,2026-09-03 07:49:29.626000+00:00
01a0663d-9d3f-7e9a-9c24-f3b109f853d1,sync_completed,1,Hourwell,com.hourwell.app,0.1.0,Google,Pixel 7a,Mobile,True,False,False,posthog-react-native,4.63.9,en-US-u-mu-celsius,Android,17,False,914.2857142857144,411.42857142857144,2026-09-03T07:48:39.127Z,01a06631-b4fb-74ed-a9a4-279c890aee3b,Europe/Kiev,0,494,synced,0,0,poll,Android,False,2026-09-03 07:48:29.107000+00:00,256687,01a05e0c-9989-7658-8fe7-6bfa12a95f48,,2026-09-03 07:48:39.191000+00:00,propertyless,sync_completed,01a05e0c-9989-7658-8fe7-6bfa12a95f48,4c95ad21-dead-5b16-8980-961468cbcd87,01a05e0c-9989-7658-8fe7-6bfa12a95f48,,posthog-react-native,2026-09-03 07:48:29.107000+00:00
01a0663c-b48f-725c-beee-2ff6a755ce99,sync_completed,1,Hourwell,com.hourwell.app,0.1.0,Google,Pixel 7a,Mobile,True,False,False,posthog-react-native,4.63.9,en-US-u-mu-celsius,Android,17,False,914.2857142857144,411.42857142857144,2026-09-03T07:47:39.57Z,01a06631-b4fb-74ed-a9a4-279c890aee3b,Europe/Kiev,0,923,synced,0,0,poll,Android,False,2026-09-03 07:47:29.544000+00:00,256687,01a05e0c-9989-7658-8fe7-6bfa12a95f48,,2026-09-03 07:47:40.261000+00:00,propertyless,sync_completed,01a05e0c-9989-7658-8fe7-6bfa12a95f48,4c95ad21-dead-5b16-8980-961468cbcd87,01a05e0c-9989-7658-8fe7-6bfa12a95f48,,posthog-react-native,2026-09-03 07:47:29.544000+00:00
01a0663b-c947-7dff-8820-6e49d5524b7b,sync_completed,1,Hourwell,com.hourwell.app,0.1.0,Google,Pixel 7a,Mobile,True,False,False,posthog-react-native,4.63.9,en-US-u-mu-celsius,Android,17,False,914.2857142857144,411.42857142857144,2026-09-03T07:46:39.324Z,01a06631-b4fb-74ed-a9a4-279c890aee3b,Europe/Kiev,0,703,synced,0,0,poll,Android,False,2026-09-03 07:46:29.301000+00:00,256687,01a05e0c-9989-7658-8fe7-6bfa12a95f48,,2026-09-03 07:46:40.608000+00:00,propertyless,sync_completed,01a05e0c-9989-7658-8fe7-6bfa12a95f48,4c95ad21-dead-5b16-8980-961468cbcd87,01a05e0c-9989-7658-8fe7-6bfa12a95f48,,posthog-react-native,2026-09-03 07:46:29.301000+00:00
01a0663a-de74-7a10-8a7b-a4927c431d82,sync_completed,1,Hourwell,com.hourwell.app,0.1.0,Google,Pixel 7a,Mobile,True,False,False,posthog-react-native,4.63.9,en-US-u-mu-celsius,Android,17,False,914.2857142857144,411.42857142857144,2026-09-03T07:45:39.222Z,01a06631-b4fb-74ed-a9a4-279c890aee3b,Europe/Kiev,0,605,synced,0,0,poll,Android,False,2026-09-03 07:45:29.206000+00:00,256687,01a05e0c-9989-7658-8fe7-6bfa12a95f48,,2026-09-03 07:45:41.812000+00:00,propertyless,sync_completed,01a05e0c-9989-7658-8fe7-6bfa12a95f48,4c95ad21-dead-5b16-8980-961468cbcd87,01a05e0c-9989-7658-8fe7-6bfa12a95f48,,posthog-react-native,2026-09-03 07:45:29.206000+00:00
01a06639-f446-71c0-9a9b-a9deff432425,sync_completed,1,Hourwell,com.hourwell.app,0.1.0,Google,Pixel 7a,Mobile,True,False,False,posthog-react-native,4.63.9,en-US-u-mu-celsius,Android,17,False,914.2857142857144,411.42857142857144,2026-09-03T07:44:39.262Z,01a06631-b4fb-74ed-a9a4-279c890aee3b,Europe/Kiev,0,657,synced,0,0,poll,Android,False,2026-09-03 07:44:29.251000+00:00,256687,01a05e0c-9989-7658-8fe7-6bfa12a95f48,,2026-09-03 07:44:39.937000+00:00,propertyless,sync_completed,01a05e0c-9989-7658-8fe7-6bfa12a95f48,4c95ad21-dead-5b16-8980-961468cbcd87,01a05e0c-9989-7658-8fe7-6bfa12a95f48,,posthog-react-native,2026-09-03 07:44:29.251000+00:00
01a06639-0bac-7046-9e89-3c720dbad7e4,sync_completed,1,Hourwell,com.hourwell.app,0.1.0,Google,Pixel 7a,Mobile,True,False,False,posthog-react-native,4.63.9,en-US-u-mu-celsius,Android,17,False,914.2857142857144,411.42857142857144,2026-09-03T07:43:39.717Z,01a06631-b4fb-74ed-a9a4-279c890aee3b,Europe/Kiev,0,1103,synced,0,0,poll,Android,False,2026-09-03 07:43:29.712000+00:00,256687,01a05e0c-9989-7658-8fe7-6bfa12a95f48,,2026-09-03 07:43:40.419000+00:00,propertyless,sync_completed,01a05e0c-9989-7658-8fe7-6bfa12a95f48,4c95ad21-dead-5b16-8980-961468cbcd87,01a05e0c-9989-7658-8fe7-6bfa12a95f48,,posthog-react-native,2026-09-03 07:43:29.712000+00:00
01a06638-2024-7c6f-8ffe-5a307afe1699,sync_completed,1,Hourwell,com.hourwell.app,0.1.0,Google,Pixel 7a,Mobile,True,False,False,posthog-react-native,4.63.9,en-US-u-mu-celsius,Android,17,False,914.2857142857144,411.42857142857144,2026-09-03T07:42:39.429Z,01a06631-b4fb-74ed-a9a4-279c890aee3b,Europe/Kiev,0,800,synced,0,0,poll,Android,False,2026-09-03 07:42:29.417000+00:00,256687,01a05e0c-9989-7658-8fe7-6bfa12a95f48,,2026-09-03 07:42:40.349000+00:00,propertyless,sync_completed,01a05e0c-9989-7658-8fe7-6bfa12a95f48,4c95ad21-dead-5b16-8980-961468cbcd87,01a05e0c-9989-7658-8fe7-6bfa12a95f48,,posthog-react-native,2026-09-03 07:42:29.417000+00:00
01a06637-35b0-7eca-98f8-85027cb88654,sync_completed,1,Hourwell,com.hourwell.app,0.1.0,Google,Pixel 7a,Mobile,True,False,False,posthog-react-native,4.63.9,en-US-u-mu-celsius,Android,17,False,914.2857142857144,411.42857142857144,2026-09-03T07:41:39.405Z,01a06631-b4fb-74ed-a9a4-279c890aee3b,Europe/Kiev,0,820,synced,0,0,poll,Android,False,2026-09-03 07:41:29.393000+00:00,256687,01a05e0c-9989-7658-8fe7-6bfa12a95f48,,2026-09-03 07:41:40.454000+00:00,propertyless,sync_completed,01a05e0c-9989-7658-8fe7-6bfa12a95f48,4c95ad21-dead-5b16-8980-961468cbcd87,01a05e0c-9989-7658-8fe7-6bfa12a95f48,,posthog-react-native,2026-09-03 07:41:29.393000+00:00
01a06636-5013-7e3a-8349-635af6741d69,sync_completed,1,Hourwell,com.hourwell.app,0.1.0,Google,Pixel 7a,Mobile,True,False,False,posthog-react-native,4.63.9,en-US-u-mu-celsius,Android,17,False,914.2857142857144,411.42857142857144,2026-09-03T07:40:40.626Z,01a06631-b4fb-74ed-a9a4-279c890aee3b,Europe/Kiev,0,2027,synced,0,0,poll,Android,False,2026-09-03 07:40:30.529000+00:00,256687,01a05e0c-9989-7658-8fe7-6bfa12a95f48,,2026-09-03 07:40:41.360000+00:00,propertyless,sync_completed,01a05e0c-9989-7658-8fe7-6bfa12a95f48,4c95ad21-dead-5b16-8980-961468cbcd87,01a05e0c-9989-7658-8fe7-6bfa12a95f48,,posthog-react-native,2026-09-03 07:40:30.529000+00:00
01a06635-62bc-736b-9a4a-615422635325,sync_completed,1,Hourwell,com.hourwell.app,0.1.0,Google,Pixel 7a,Mobile,True,False,False,posthog-react-native,4.63.9,en-US-u-mu-celsius,Android,17,False,914.2857142857144,411.42857142857144,2026-09-03T07:39:39.869Z,01a06631-b4fb-74ed-a9a4-279c890aee3b,Europe/Kiev,0,1240,synced,0,0,poll,Android,False,2026-09-03 07:39:29.858000+00:00,256687,01a05e0c-9989-7658-8fe7-6bfa12a95f48,,2026-09-03 07:39:41.252000+00:00,propertyless,sync_completed,01a05e0c-9989-7658-8fe7-6bfa12a95f48,4c95ad21-dead-5b16-8980-961468cbcd87,01a05e0c-9989-7658-8fe7-6bfa12a95f48,,posthog-react-native,2026-09-03 07:39:29.858000+00:00
01a06634-7885-75dd-ac76-be7a1342ca65,sync_completed,1,Hourwell,com.hourwell.app,0.1.0,Google,Pixel 7a,Mobile,True,False,False,posthog-react-native,4.63.9,en-US-u-mu-celsius,Android,17,False,914.2857142857144,411.42857142857144,2026-09-03T07:38:39.905Z,01a06631-b4fb-74ed-a9a4-279c890aee3b,Europe/Kiev,0,1205,synced,19,9,poll,Android,False,2026-09-03 07:38:29.827000+00:00,256687,01a05e0c-9989-7658-8fe7-6bfa12a95f48,,2026-09-03 07:38:41.988000+00:00,propertyless,sync_completed,01a05e0c-9989-7658-8fe7-6bfa12a95f48,4c95ad21-dead-5b16-8980-961468cbcd87,01a05e0c-9989-7658-8fe7-6bfa12a95f48,,posthog-react-native,2026-09-03 07:38:29.827000+00:00
01a06634-4131-74f9-98ba-3ada8583dddb,sync_completed,1,Hourwell,com.hourwell.app,0.1.0,Google,Pixel 7a,Mobile,True,False,False,posthog-react-native,4.63.9,en-US-u-mu-celsius,Android,17,False,914.2857142857144,411.42857142857144,2026-09-03T07:38:21.07Z,01a06631-b4fb-74ed-a9a4-279c890aee3b,Europe/Kiev,0,1189,synced,27,17,pre_plan,Android,False,2026-09-03 07:38:15.818000+00:00,256687,01a05e0c-9989-7658-8fe7-6bfa12a95f48,,2026-09-03 07:38:21.721000+00:00,propertyless,sync_completed,01a05e0c-9989-7658-8fe7-6bfa12a95f48,4c95ad21-dead-5b16-8980-961468cbcd87,01a05e0c-9989-7658-8fe7-6bfa12a95f48,,posthog-react-native,2026-09-03 07:38:15.818000+00:00
01a06634-20a4-7d6e-8576-79e58b31e914,sync_completed,1,Hourwell,com.hourwell.app,0.1.0,Google,Pixel 7a,Mobile,True,False,False,posthog-react-native,4.63.9,en-US-u-mu-celsius,Android,17,False,914.2857142857144,411.42857142857144,2026-09-03T07:38:09.882Z,01a06631-b4fb-74ed-a9a4-279c890aee3b,Europe/Kiev,0,999,synced,21,11,pre_plan,Android,False,2026-09-03 07:38:07.369000+00:00,256687,01a05e0c-9989-7658-8fe7-6bfa12a95f48,,2026-09-03 07:38:10.892000+00:00,propertyless,sync_completed,01a05e0c-9989-7658-8fe7-6bfa12a95f48,4c95ad21-dead-5b16-8980-961468cbcd87,01a05e0c-9989-7658-8fe7-6bfa12a95f48,,posthog-react-native,2026-09-03 07:38:07.369000+00:00
01a06634-022f-7de7-8481-c82096ac3191,sync_completed,1,Hourwell,com.hourwell.app,0.1.0,Google,Pixel 7a,Mobile,True,False,False,posthog-react-native,4.63.9,en-US-u-mu-celsius,Android,17,False,914.2857142857144,411.42857142857144,2026-09-03T07:38:01.197Z,01a06631-b4fb-74ed-a9a4-279c890aee3b,Europe/Kiev,0,1298,synced,27,17,pre_plan,Android,False,2026-09-03 07:37:59.685000+00:00,256687,01a05e0c-9989-7658-8fe7-6bfa12a95f48,,2026-09-03 07:38:03.858000+00:00,propertyless,sync_completed,01a05e0c-9989-7658-8fe7-6bfa12a95f48,4c95ad21-dead-5b16-8980-961468cbcd87,01a05e0c-9989-7658-8fe7-6bfa12a95f48,,posthog-react-native,2026-09-03 07:37:59.685000+00:00
01a06633-e157-72bd-8987-c5359d3d685d,sync_completed,1,Hourwell,com.hourwell.app,0.1.0,Google,Pixel 7a,Mobile,True,False,False,posthog-react-native,4.63.9,en-US-u-mu-celsius,Android,17,False,914.2857142857144,411.42857142857144,2026-09-03T07:38:01.197Z,01a06631-b4fb-74ed-a9a4-279c890aee3b,Europe/Kiev,0,964,synced,27,17,pre_plan,Android,False,2026-09-03 07:37:51.277000+00:00,256687,01a05e0c-9989-7658-8fe7-6bfa12a95f48,,2026-09-03 07:38:03.281000+00:00,propertyless,sync_completed,01a05e0c-9989-7658-8fe7-6bfa12a95f48,4c95ad21-dead-5b16-8980-961468cbcd87,01a05e0c-9989-7658-8fe7-6bfa12a95f48,,posthog-react-native,2026-09-03 07:37:51.277000+00:00
01a06633-c1d4-7638-9eaa-4507d28c2f34,sync_completed,1,Hourwell,com.hourwell.app,0.1.0,Google,Pixel 7a,Mobile,True,False,False,posthog-react-native,4.63.9,en-US-u-mu-celsius,Android,17,False,914.2857142857144,411.42857142857144,2026-09-03T07:37:47.79Z,01a06631-b4fb-74ed-a9a4-279c890aee3b,Europe/Kiev,0,1035,synced,25,15,pre_plan,Android,False,2026-09-03 07:37:43.200000+00:00,256687,01a05e0c-9989-7658-8fe7-6bfa12a95f48,,2026-09-03 07:37:49.555000+00:00,propertyless,sync_completed,01a05e0c-9989-7658-8fe7-6bfa12a95f48,4c95ad21-dead-5b16-8980-961468cbcd87,01a05e0c-9989-7658-8fe7-6bfa12a95f48,,posthog-react-native,2026-09-03 07:37:43.200000+00:00
01a06633-9096-7e57-b80e-46a9780804e4,sync_completed,1,Hourwell,com.hourwell.app,0.1.0,Google,Pixel 7a,Mobile,True,False,False,posthog-react-native,4.63.9,en-US-u-mu-celsius,Android,17,False,914.2857142857144,411.42857142857144,2026-09-03T07:37:36.628Z,01a06631-b4fb-74ed-a9a4-279c890aee3b,Europe/Kiev,0,1923,synced,21,11,poll,Android,False,2026-09-03 07:37:30.493000+00:00,256687,01a05e0c-9989-7658-8fe7-6bfa12a95f48,,2026-09-03 07:37:37.920000+00:00,propertyless,sync_completed,01a05e0c-9989-7658-8fe7-6bfa12a95f48,4c95ad21-dead-5b16-8980-961468cbcd87,01a05e0c-9989-7658-8fe7-6bfa12a95f48,,posthog-react-native,2026-09-03 07:37:30.493000+00:00
01a06633-825d-7160-9eab-bb0ad2a6419b,sync_completed,1,Hourwell,com.hourwell.app,0.1.0,Google,Pixel 7a,Mobile,True,False,False,posthog-react-native,4.63.9,en-US-u-mu-celsius,Android,17,False,914.2857142857144,411.42857142857144,2026-09-03T07:37:36.628Z,01a06631-b4fb-74ed-a9a4-279c890aee3b,Europe/Kiev,0,1071,synced,23,13,pre_plan,Android,False,2026-09-03 07:37:26.852000+00:00,256687,01a05e0c-9989-7658-8fe7-6bfa12a95f48,,2026-09-03 07:37:37.587000+00:00,propertyless,sync_completed,01a05e0c-9989-7658-8fe7-6bfa12a95f48,4c95ad21-dead-5b16-8980-961468cbcd87,01a05e0c-9989-7658-8fe7-6bfa12a95f48,,posthog-react-native,2026-09-03 07:37:26.852000+00:00
01a06633-632c-7fd5-ac84-0cbb71e96ad4,sync_completed,1,Hourwell,com.hourwell.app,0.1.0,Google,Pixel 7a,Mobile,True,False,False,posthog-react-native,4.63.9,en-US-u-mu-celsius,Android,17,False,914.2857142857144,411.42857142857144,2026-09-03T07:37:24.357Z,01a06631-b4fb-74ed-a9a4-279c890aee3b,Europe/Kiev,0,1205,synced,25,16,pre_plan,Android,False,2026-09-03 07:37:18.957000+00:00,256687,01a05e0c-9989-7658-8fe7-6bfa12a95f48,,2026-09-03 07:37:25.934000+00:00,propertyless,sync_completed,01a05e0c-9989-7658-8fe7-6bfa12a95f48,4c95ad21-dead-5b16-8980-961468cbcd87,01a05e0c-9989-7658-8fe7-6bfa12a95f48,,posthog-react-native,2026-09-03 07:37:18.957000+00:00
01a06633-4322-7c3f-a27d-db214a2b74ec,sync_completed,1,Hourwell,com.hourwell.app,0.1.0,Google,Pixel 7a,Mobile,True,False,False,posthog-react-native,4.63.9,en-US-u-mu-celsius,Android,17,False,914.2857142857144,411.42857142857144,2026-09-03T07:37:13.064Z,01a06631-b4fb-74ed-a9a4-279c890aee3b,Europe/Kiev,0,1166,synced,24,13,pre_plan,Android,False,2026-09-03 07:37:10.723000+00:00,256687,01a05e0c-9989-7658-8fe7-6bfa12a95f48,,2026-09-03 07:37:14.280000+00:00,propertyless,sync_completed,01a05e0c-9989-7658-8fe7-6bfa12a95f48,4c95ad21-dead-5b16-8980-961468cbcd87,01a05e0c-9989-7658-8fe7-6bfa12a95f48,,posthog-react-native,2026-09-03 07:37:10.723000+00:00
01a06633-254b-7c70-9a52-027675599686,sync_completed,1,Hourwell,com.hourwell.app,0.1.0,Google,Pixel 7a,Mobile,True,False,False,posthog-react-native,4.63.9,en-US-u-mu-celsius,Android,17,False,914.2857142857144,411.42857142857144,2026-09-03T07:37:13.064Z,01a06631-b4fb-74ed-a9a4-279c890aee3b,Europe/Kiev,0,1634,synced,0,0,pre_plan,Android,False,2026-09-03 07:37:03.084000+00:00,256687,01a05e0c-9989-7658-8fe7-6bfa12a95f48,,2026-09-03 07:37:14.070000+00:00,propertyless,sync_completed,01a05e0c-9989-7658-8fe7-6bfa12a95f48,4c95ad21-dead-5b16-8980-961468cbcd87,01a05e0c-9989-7658-8fe7-6bfa12a95f48,,posthog-react-native,2026-09-03 07:37:03.084000+00:00
01a06632-a267-7b39-9b95-20ec637c2fe2,sync_completed,1,Hourwell,com.hourwell.app,0.1.0,Google,Pixel 7a,Mobile,True,False,False,posthog-react-native,4.63.9,en-US-u-mu-celsius,Android,17,False,914.2857142857144,411.42857142857144,2026-09-03T07:36:39.55Z,01a06631-b4fb-74ed-a9a4-279c890aee3b,Europe/Kiev,0,947,synced,0,0,poll,Android,False,2026-09-03 07:36:29.550000+00:00,256687,01a05e0c-9989-7658-8fe7-6bfa12a95f48,,2026-09-03 07:36:40.907000+00:00,propertyless,sync_completed,01a05e0c-9989-7658-8fe7-6bfa12a95f48,4c95ad21-dead-5b16-8980-961468cbcd87,01a05e0c-9989-7658-8fe7-6bfa12a95f48,,posthog-react-native,2026-09-03 07:36:29.550000+00:00
01a06631-bdee-7d65-8ba3-9371253e97e0,sync_completed,1,Hourwell,com.hourwell.app,0.1.0,Google,Pixel 7a,Mobile,True,False,False,posthog-react-native,4.63.9,en-US-u-mu-celsius,Android,17,False,914.2857142857144,411.42857142857144,2026-09-03T07:35:38.778Z,01a06631-b4fb-74ed-a9a4-279c890aee3b,Europe/Kiev,0,848,synced,0,0,foreground,Android,False,2026-09-03 07:35:31.843000+00:00,256687,01a05e0c-9989-7658-8fe7-6bfa12a95f48,,2026-09-03 07:35:40.490000+00:00,propertyless,sync_completed,01a05e0c-9989-7658-8fe7-6bfa12a95f48,4c95ad21-dead-5b16-8980-961468cbcd87,01a05e0c-9989-7658-8fe7-6bfa12a95f48,,posthog-react-native,2026-09-03 07:35:31.843000+00:00
01a06631-ba7e-7c34-9106-be9abacc03fa,sync_completed,1,Hourwell,com.hourwell.app,0.1.0,Google,Pixel 7a,Mobile,True,False,False,posthog-react-native,4.63.9,en-US-u-mu-celsius,Android,17,False,914.2857142857144,411.42857142857144,2026-09-03T07:35:38.778Z,01a06631-b4fb-74ed-a9a4-279c890aee3b,Europe/Kiev,0,1631,synced,0,0,foreground,Android,False,2026-09-03 07:35:30.963000+00:00,256687,01a05e0c-9989-7658-8fe7-6bfa12a95f48,,2026-09-03 07:35:40.416000+00:00,propertyless,sync_completed,01a05e0c-9989-7658-8fe7-6bfa12a95f48,4c95ad21-dead-5b16-8980-961468cbcd87,01a05e0c-9989-7658-8fe7-6bfa12a95f48,,posthog-react-native,2026-09-03 07:35:30.963000+00:00
01a06631-1417-7054-bf51-9f6fd574520c,sync_completed,1,Hourwell,com.hourwell.app,0.1.0,Google,Pixel 7a,Mobile,True,False,False,posthog-react-native,4.63.9,en-US-u-mu-celsius,Android,17,False,914.2857142857144,411.42857142857144,2026-09-03T07:34:57.583Z,01a06630-285d-733c-9913-a33caf94fb46,Europe/Kiev,0,641,synced,0,0,poll,Android,False,2026-09-03 07:34:47.540000+00:00,256687,01a05e0c-9989-7658-8fe7-6bfa12a95f48,,2026-09-03 07:34:58.751000+00:00,propertyless,sync_completed,01a05e0c-9989-7658-8fe7-6bfa12a95f48,4c95ad21-dead-5b16-8980-961468cbcd87,01a05e0c-9989-7658-8fe7-6bfa12a95f48,,posthog-react-native,2026-09-03 07:34:47.540000+00:00
01a06630-380b-71ab-8e68-ea4666ad8bd9,sync_completed,1,Hourwell,com.hourwell.app,0.1.0,Google,Pixel 7a,Mobile,True,False,False,posthog-react-native,4.63.9,en-US-u-mu-celsius,Android,17,False,914.2857142857144,411.42857142857144,2026-09-03T07:33:57.243Z,01a06630-285d-733c-9913-a33caf94fb46,Europe/Kiev,0,707,synced,0,0,sign_in,Android,False,2026-09-03 07:33:51.200000+00:00,256687,01a05e0c-9989-7658-8fe7-6bfa12a95f48,,2026-09-03 07:33:58.218000+00:00,propertyless,sync_completed,01a05e0c-9989-7658-8fe7-6bfa12a95f48,4c95ad21-dead-5b16-8980-961468cbcd87,01a05e0c-9989-7658-8fe7-6bfa12a95f48,,posthog-react-native,2026-09-03 07:33:51.200000+00:00
01a06630-3445-7c36-8ef9-0aa0b344bd5f,sync_completed,1,Hourwell,com.hourwell.app,0.1.0,Google,Pixel 7a,Mobile,True,False,False,posthog-react-native,4.63.9,en-US-u-mu-celsius,Android,17,False,914.2857142857144,411.42857142857144,2026-09-03T07:33:57.243Z,01a06630-285d-733c-9913-a33caf94fb46,Europe/Kiev,0,2205,synced,101,2,foreground,Android,False,2026-09-03 07:33:50.234000+00:00,256687,01a05e0c-9989-7658-8fe7-6bfa12a95f48,,2026-09-03 07:33:58.160000+00:00,propertyless,sync_completed,01a05e0c-9989-7658-8fe7-6bfa12a95f48,4c95ad21-dead-5b16-8980-961468cbcd87,01a05e0c-9989-7658-8fe7-6bfa12a95f48,,posthog-react-native,2026-09-03 07:33:50.234000+00:00
